/*
Navicat MySQL Data Transfer

Source Server         : qihe_kehu
Source Server Version : 50714
Source Host           : 47.105.32.217:3306
Source Database       : dwms

Target Server Type    : MYSQL
Target Server Version : 50714
File Encoding         : 65001

Date: 2019-05-06 20:20:35
*/

SET FOREIGN_KEY_CHECKS=0;

-- ----------------------------
-- Table structure for banner
-- ----------------------------
DROP TABLE IF EXISTS `banner`;
CREATE TABLE `banner` (
  `id` int(11) NOT NULL AUTO_INCREMENT COMMENT 'ID',
  `title` varchar(255) DEFAULT NULL COMMENT '标题',
  `description` varchar(255) DEFAULT NULL COMMENT '描述',
  `redirect_url` varchar(255) DEFAULT NULL COMMENT '图片跳转URL',
  `picture_url` varchar(255) DEFAULT NULL COMMENT '图片URL',
  `display_order` int(11) DEFAULT NULL COMMENT '排序',
  `deleted` tinyint(4) DEFAULT NULL COMMENT '是否删除',
  `created_time` datetime DEFAULT NULL COMMENT '创建时间',
  `created_user_id` int(11) DEFAULT NULL COMMENT '创建人',
  `updated_time` datetime DEFAULT NULL COMMENT '修改时间',
  `updated_user_id` int(11) DEFAULT NULL COMMENT '修改人',
  `deleted_time` datetime DEFAULT NULL COMMENT '删除时间',
  `deleted_user_id` int(11) DEFAULT NULL COMMENT '删除人',
  PRIMARY KEY (`id`)
) ENGINE=InnoDB AUTO_INCREMENT=5 DEFAULT CHARSET=utf8 COMMENT='轮播图';

-- ----------------------------
-- Records of banner
-- ----------------------------
INSERT INTO `banner` VALUES ('1', '利津县人民检察院', '利津县人民检察院', 'http://www.taobao.com', '\\public\\upload\\banner\\20190427\\fdfd6849b4d357a738909e00d08e66f5.jpg', '0', '0', '2019-01-01 22:57:05', '1', '2019-04-27 10:55:03', '1', null, null);
INSERT INTO `banner` VALUES ('2', '中国梦 纪检梦', '利津县人民检察院', 'http://www.baidu.com', '\\public\\upload\\banner\\20190427\\c00bb0d88bd3c98f7c119f52794d6fa6.jpg', '2', '0', '2019-01-01 22:57:14', '1', '2019-04-27 15:05:28', '1', null, null);
INSERT INTO `banner` VALUES ('3', 'test', 'test', 'https://www.qq.com', '\\public\\upload\\banner\\20190423\\2410234e645c0fc89793ed0d8e357a49.jpg', '3', '1', '2019-04-23 12:00:17', '1', null, null, '2019-04-23 12:00:24', '1');
INSERT INTO `banner` VALUES ('4', '法律 公平 正义', '法律 公平 正义', 'https://www.qq.com', '\\public\\upload\\banner\\20190427\\10c4d89ca5e56819ab9ff10b633f886d.jpg', '3', '0', '2019-04-23 12:00:45', '1', '2019-04-27 10:56:05', '1', null, null);

-- ----------------------------
-- Table structure for case_info
-- ----------------------------
DROP TABLE IF EXISTS `case_info`;
CREATE TABLE `case_info` (
  `id` int(11) NOT NULL AUTO_INCREMENT,
  `number` varchar(200) NOT NULL COMMENT '部门受案号',
  `warning` varchar(200) DEFAULT NULL COMMENT '超期预警',
  `name` varchar(500) DEFAULT NULL COMMENT '案件名称',
  `accept_time` date DEFAULT NULL COMMENT '受理时间',
  `current_stage` varchar(200) DEFAULT NULL COMMENT '当前阶段',
  `status` varchar(100) DEFAULT NULL COMMENT '案件状态',
  `due_time` date DEFAULT NULL COMMENT '到期日期',
  `over_time` date DEFAULT NULL COMMENT '办结日期',
  `complete_time` date DEFAULT NULL COMMENT '完成日期',
  `record_time` date DEFAULT NULL COMMENT '归档日期',
  `type_name` varchar(500) DEFAULT NULL COMMENT '案件类别名称',
  `web_user_id` int(11) DEFAULT NULL,
  `user_name` varchar(200) DEFAULT NULL COMMENT '承办检察官',
  `department` varchar(500) DEFAULT NULL COMMENT '办案部门',
  `cell` varchar(500) DEFAULT NULL COMMENT '办案单元',
  `type` tinyint(1) DEFAULT NULL,
  PRIMARY KEY (`id`,`number`)
) ENGINE=InnoDB AUTO_INCREMENT=7 DEFAULT CHARSET=utf8;

-- ----------------------------
-- Records of case_info
-- ----------------------------
INSERT INTO `case_info` VALUES ('1', '利津财办受理2019年3月13日1号', '', '李四危险驾驶案', '2019-03-11', '受理', '在办', null, null, null, null, '财产刑执行违法（违规）案件', '2', '李三', '财办部', '', '0');
INSERT INTO `case_info` VALUES ('2', '利津财办受理2019年4月13日', '', '李四Z危险驾驶案', '2019-04-13', '受理', '在办', null, null, null, null, '财产刑执行违法（违规）案件', '7', null, '财办部', '', '0');
INSERT INTO `case_info` VALUES ('4', '利津起诉受理2号', '', '王五涉嫌故意伤害案', '2019-03-01', '一次退回补充侦查', '在办', null, null, null, null, '一审公诉案件', '4', '王六', '刑侦部', '', '0');
INSERT INTO `case_info` VALUES ('5', '利津起诉受理32号', '', '张三FD涉嫌故意伤害案', '2019-03-22', '流程结束', '完成', '2019-03-22', '2019-03-25', '2019-03-25', '2019-04-25', '审查待办事件', '7', null, '搜查部', '', '0');
INSERT INTO `case_info` VALUES ('6', '利津起诉受理3号', '', '张三涉嫌故意伤害案', '2019-03-10', '流程结束', '完成', '2019-03-14', '2019-03-14', '2019-03-14', null, '审查待办事件', '3', '张七', '搜查部', '', '0');

-- ----------------------------
-- Table structure for dict_holiday
-- ----------------------------
DROP TABLE IF EXISTS `dict_holiday`;
CREATE TABLE `dict_holiday` (
  `id` int(11) NOT NULL AUTO_INCREMENT,
  `holiday` date NOT NULL,
  `type` int(11) NOT NULL,
  `deleted` tinyint(1) DEFAULT '0',
  PRIMARY KEY (`id`)
) ENGINE=InnoDB AUTO_INCREMENT=116 DEFAULT CHARSET=utf8;

-- ----------------------------
-- Records of dict_holiday
-- ----------------------------
INSERT INTO `dict_holiday` VALUES ('1', '2019-01-01', '2', '0');
INSERT INTO `dict_holiday` VALUES ('2', '2019-01-05', '2', '0');
INSERT INTO `dict_holiday` VALUES ('3', '2019-01-06', '2', '0');
INSERT INTO `dict_holiday` VALUES ('4', '2019-01-12', '1', '0');
INSERT INTO `dict_holiday` VALUES ('5', '2019-01-13', '1', '0');
INSERT INTO `dict_holiday` VALUES ('6', '2019-01-19', '1', '0');
INSERT INTO `dict_holiday` VALUES ('7', '2019-01-20', '1', '0');
INSERT INTO `dict_holiday` VALUES ('8', '2019-01-26', '2', '0');
INSERT INTO `dict_holiday` VALUES ('9', '2019-01-27', '2', '0');
INSERT INTO `dict_holiday` VALUES ('10', '2019-02-04', '1', '0');
INSERT INTO `dict_holiday` VALUES ('11', '2019-02-05', '2', '0');
INSERT INTO `dict_holiday` VALUES ('12', '2019-02-06', '2', '0');
INSERT INTO `dict_holiday` VALUES ('13', '2019-02-07', '2', '0');
INSERT INTO `dict_holiday` VALUES ('14', '2019-02-08', '2', '0');
INSERT INTO `dict_holiday` VALUES ('15', '2019-02-09', '1', '0');
INSERT INTO `dict_holiday` VALUES ('16', '2019-02-10', '1', '0');
INSERT INTO `dict_holiday` VALUES ('17', '2019-02-16', '2', '0');
INSERT INTO `dict_holiday` VALUES ('18', '2019-02-17', '1', '0');
INSERT INTO `dict_holiday` VALUES ('19', '2019-02-23', '1', '0');
INSERT INTO `dict_holiday` VALUES ('20', '2019-02-24', '1', '0');
INSERT INTO `dict_holiday` VALUES ('21', '2019-03-02', '1', '0');
INSERT INTO `dict_holiday` VALUES ('22', '2019-03-03', '2', '0');
INSERT INTO `dict_holiday` VALUES ('23', '2019-03-09', '2', '0');
INSERT INTO `dict_holiday` VALUES ('24', '2019-03-10', '1', '0');
INSERT INTO `dict_holiday` VALUES ('25', '2019-03-16', '2', '0');
INSERT INTO `dict_holiday` VALUES ('26', '2019-03-17', '2', '0');
INSERT INTO `dict_holiday` VALUES ('27', '2019-03-23', '1', '0');
INSERT INTO `dict_holiday` VALUES ('28', '2019-03-24', '1', '0');
INSERT INTO `dict_holiday` VALUES ('29', '2019-03-30', '1', '0');
INSERT INTO `dict_holiday` VALUES ('30', '2019-03-31', '2', '0');
INSERT INTO `dict_holiday` VALUES ('31', '2019-04-05', '2', '0');
INSERT INTO `dict_holiday` VALUES ('32', '2019-04-06', '1', '0');
INSERT INTO `dict_holiday` VALUES ('33', '2019-04-07', '2', '0');
INSERT INTO `dict_holiday` VALUES ('34', '2019-04-13', '2', '0');
INSERT INTO `dict_holiday` VALUES ('35', '2019-04-14', '2', '0');
INSERT INTO `dict_holiday` VALUES ('36', '2019-04-20', '2', '0');
INSERT INTO `dict_holiday` VALUES ('37', '2019-04-21', '2', '0');
INSERT INTO `dict_holiday` VALUES ('38', '2019-04-27', '1', '0');
INSERT INTO `dict_holiday` VALUES ('39', '2019-05-01', '2', '0');
INSERT INTO `dict_holiday` VALUES ('40', '2019-05-02', '1', '0');
INSERT INTO `dict_holiday` VALUES ('41', '2019-05-03', '1', '0');
INSERT INTO `dict_holiday` VALUES ('42', '2019-05-04', '1', '0');
INSERT INTO `dict_holiday` VALUES ('43', '2019-05-11', '2', '0');
INSERT INTO `dict_holiday` VALUES ('44', '2019-05-12', '2', '0');
INSERT INTO `dict_holiday` VALUES ('45', '2019-05-18', '2', '0');
INSERT INTO `dict_holiday` VALUES ('46', '2019-05-19', '1', '0');
INSERT INTO `dict_holiday` VALUES ('47', '2019-05-25', '2', '0');
INSERT INTO `dict_holiday` VALUES ('48', '2019-05-26', '1', '0');
INSERT INTO `dict_holiday` VALUES ('49', '2019-06-01', '2', '0');
INSERT INTO `dict_holiday` VALUES ('50', '2019-06-02', '1', '0');
INSERT INTO `dict_holiday` VALUES ('51', '2019-06-07', '2', '0');
INSERT INTO `dict_holiday` VALUES ('52', '2019-06-08', '1', '0');
INSERT INTO `dict_holiday` VALUES ('53', '2019-06-09', '1', '0');
INSERT INTO `dict_holiday` VALUES ('54', '2019-06-15', '1', '0');
INSERT INTO `dict_holiday` VALUES ('55', '2019-06-16', '2', '0');
INSERT INTO `dict_holiday` VALUES ('56', '2019-06-22', '1', '0');
INSERT INTO `dict_holiday` VALUES ('57', '2019-06-23', '2', '0');
INSERT INTO `dict_holiday` VALUES ('58', '2019-06-29', '1', '0');
INSERT INTO `dict_holiday` VALUES ('59', '2019-06-30', '2', '0');
INSERT INTO `dict_holiday` VALUES ('60', '2019-07-06', '2', '0');
INSERT INTO `dict_holiday` VALUES ('61', '2019-07-07', '1', '0');
INSERT INTO `dict_holiday` VALUES ('62', '2019-07-13', '2', '0');
INSERT INTO `dict_holiday` VALUES ('63', '2019-07-14', '2', '0');
INSERT INTO `dict_holiday` VALUES ('64', '2019-07-20', '1', '0');
INSERT INTO `dict_holiday` VALUES ('65', '2019-07-21', '1', '0');
INSERT INTO `dict_holiday` VALUES ('66', '2019-07-27', '2', '0');
INSERT INTO `dict_holiday` VALUES ('67', '2019-07-28', '2', '0');
INSERT INTO `dict_holiday` VALUES ('68', '2019-08-03', '2', '0');
INSERT INTO `dict_holiday` VALUES ('69', '2019-08-04', '2', '0');
INSERT INTO `dict_holiday` VALUES ('70', '2019-08-10', '2', '0');
INSERT INTO `dict_holiday` VALUES ('71', '2019-08-11', '1', '0');
INSERT INTO `dict_holiday` VALUES ('72', '2019-08-17', '2', '0');
INSERT INTO `dict_holiday` VALUES ('73', '2019-08-18', '1', '0');
INSERT INTO `dict_holiday` VALUES ('74', '2019-08-24', '1', '0');
INSERT INTO `dict_holiday` VALUES ('75', '2019-08-25', '2', '0');
INSERT INTO `dict_holiday` VALUES ('76', '2019-08-31', '1', '0');
INSERT INTO `dict_holiday` VALUES ('77', '2019-09-01', '2', '0');
INSERT INTO `dict_holiday` VALUES ('78', '2019-09-07', '2', '0');
INSERT INTO `dict_holiday` VALUES ('79', '2019-09-08', '2', '0');
INSERT INTO `dict_holiday` VALUES ('80', '2019-09-13', '2', '0');
INSERT INTO `dict_holiday` VALUES ('81', '2019-09-14', '2', '0');
INSERT INTO `dict_holiday` VALUES ('82', '2019-09-15', '1', '0');
INSERT INTO `dict_holiday` VALUES ('83', '2019-09-21', '1', '0');
INSERT INTO `dict_holiday` VALUES ('84', '2019-09-22', '1', '0');
INSERT INTO `dict_holiday` VALUES ('85', '2019-09-28', '2', '0');
INSERT INTO `dict_holiday` VALUES ('86', '2019-10-01', '2', '0');
INSERT INTO `dict_holiday` VALUES ('87', '2019-10-02', '2', '0');
INSERT INTO `dict_holiday` VALUES ('88', '2019-10-03', '2', '0');
INSERT INTO `dict_holiday` VALUES ('89', '2019-10-04', '2', '0');
INSERT INTO `dict_holiday` VALUES ('90', '2019-10-05', '2', '0');
INSERT INTO `dict_holiday` VALUES ('91', '2019-10-06', '1', '0');
INSERT INTO `dict_holiday` VALUES ('92', '2019-10-07', '1', '0');
INSERT INTO `dict_holiday` VALUES ('93', '2019-10-13', '1', '0');
INSERT INTO `dict_holiday` VALUES ('94', '2019-10-19', '1', '0');
INSERT INTO `dict_holiday` VALUES ('95', '2019-10-20', '1', '0');
INSERT INTO `dict_holiday` VALUES ('96', '2019-10-26', '2', '0');
INSERT INTO `dict_holiday` VALUES ('97', '2019-10-27', '2', '0');
INSERT INTO `dict_holiday` VALUES ('98', '2019-11-02', '2', '0');
INSERT INTO `dict_holiday` VALUES ('99', '2019-11-03', '2', '0');
INSERT INTO `dict_holiday` VALUES ('100', '2019-11-09', '2', '0');
INSERT INTO `dict_holiday` VALUES ('101', '2019-11-10', '1', '0');
INSERT INTO `dict_holiday` VALUES ('102', '2019-11-16', '2', '0');
INSERT INTO `dict_holiday` VALUES ('103', '2019-11-17', '1', '0');
INSERT INTO `dict_holiday` VALUES ('104', '2019-11-23', '1', '0');
INSERT INTO `dict_holiday` VALUES ('105', '2019-11-24', '1', '0');
INSERT INTO `dict_holiday` VALUES ('106', '2019-11-30', '2', '0');
INSERT INTO `dict_holiday` VALUES ('107', '2019-12-01', '1', '0');
INSERT INTO `dict_holiday` VALUES ('108', '2019-12-07', '2', '0');
INSERT INTO `dict_holiday` VALUES ('109', '2019-12-08', '2', '0');
INSERT INTO `dict_holiday` VALUES ('110', '2019-12-14', '2', '0');
INSERT INTO `dict_holiday` VALUES ('111', '2019-12-15', '1', '0');
INSERT INTO `dict_holiday` VALUES ('112', '2019-12-21', '1', '0');
INSERT INTO `dict_holiday` VALUES ('113', '2019-12-22', '2', '0');
INSERT INTO `dict_holiday` VALUES ('114', '2019-12-28', '1', '0');
INSERT INTO `dict_holiday` VALUES ('115', '2019-12-29', '2', '0');

-- ----------------------------
-- Table structure for link
-- ----------------------------
DROP TABLE IF EXISTS `link`;
CREATE TABLE `link` (
  `id` int(11) NOT NULL AUTO_INCREMENT COMMENT 'ID',
  `name` varchar(255) DEFAULT NULL COMMENT '网站名称',
  `redirect_url` varchar(255) DEFAULT NULL,
  `picture_url` varchar(255) DEFAULT NULL COMMENT '网站logo',
  `display_order` int(11) DEFAULT NULL COMMENT '排序',
  `created_time` datetime DEFAULT CURRENT_TIMESTAMP COMMENT '创建时间',
  `created_user_id` int(11) DEFAULT NULL COMMENT '创建人',
  `updated_time` datetime DEFAULT NULL COMMENT '修改时间',
  `updated_user_id` int(11) DEFAULT NULL COMMENT '修改人',
  PRIMARY KEY (`id`)
) ENGINE=InnoDB AUTO_INCREMENT=23 DEFAULT CHARSET=utf8 COMMENT='友情链接';

-- ----------------------------
-- Records of link
-- ----------------------------
INSERT INTO `link` VALUES ('2', ' 全国党建网站联盟 ', 'http://dwlm.12371.cn', '\\public\\upload\\banner\\20190101\\a77cf0bd199501adaf8d07299a8ae72f.png', '2', '2019-01-01 22:57:14', '1', '2019-04-28 19:59:19', '1');
INSERT INTO `link` VALUES ('3', '共产党员网', 'http://www.12371.cn/', '', '1', '2019-04-23 12:28:59', '1', '2019-04-28 19:59:37', '1');
INSERT INTO `link` VALUES ('4', '中国共产党新闻网', 'http://cpc.people.com.cn/', '\\public\\upload\\img\\20190428\\efc0ec2ad5f6aa5db12dc703a3397afe.png', '0', '2019-04-28 00:18:30', '1', '2019-04-28 19:59:51', '1');
INSERT INTO `link` VALUES ('5', '中央纪委监察部网站', 'http://www.ccdi.gov.cn/', '', '2', '2019-04-28 20:00:13', '1', null, null);
INSERT INTO `link` VALUES ('6', '中共中央党校', 'http://www.ccps.gov.cn/', '', '0', '2019-04-28 20:00:21', '1', null, null);
INSERT INTO `link` VALUES ('7', '紫光阁', 'http://www.zgg.gov.cn/', '', '0', '2019-04-28 20:00:29', '1', null, null);
INSERT INTO `link` VALUES ('8', '中国共产党历史网', 'http://www.zgdsw.org.cn/GB/349944/index.html', '', '0', '2019-04-28 20:00:39', '1', null, null);
INSERT INTO `link` VALUES ('9', '人民网', 'http://www.people.com.cn/', '', '0', '2019-04-28 20:01:08', '1', null, null);
INSERT INTO `link` VALUES ('10', '新华网', 'http://www.xinhuanet.com/', '', '0', '2019-04-28 20:01:16', '1', null, null);
INSERT INTO `link` VALUES ('11', '中国新闻网', 'http://www.chinanews.com/', '', '0', '2019-04-28 20:01:25', '1', null, null);
INSERT INTO `link` VALUES ('12', '央视网', 'http://www.cctv.com/', '', '0', '2019-04-28 20:01:34', '1', null, null);
INSERT INTO `link` VALUES ('13', '光明网', 'http://www.gmw.cn/', '', '0', '2019-04-28 20:01:42', '1', null, null);
INSERT INTO `link` VALUES ('14', '求是网', 'http://www.qstheory.cn/', '', '0', '2019-04-28 20:01:49', '1', null, null);
INSERT INTO `link` VALUES ('15', '央广网', 'http://www.cnr.cn/', '', '0', '2019-04-28 20:01:56', '1', null, null);
INSERT INTO `link` VALUES ('16', '中国青年网', 'http://www.youth.cn/', '', '0', '2019-04-28 20:02:06', '1', null, null);
INSERT INTO `link` VALUES ('17', '中国网', 'http://www.china.com.cn/', '', '0', '2019-04-28 20:02:14', '1', null, null);
INSERT INTO `link` VALUES ('18', '中国经济网', 'http://www.ce.cn/', '', '0', '2019-04-28 20:02:23', '1', null, null);
INSERT INTO `link` VALUES ('19', '中青在线', 'http://www.cyol.com/', '', '0', '2019-04-28 20:02:30', '1', null, null);
INSERT INTO `link` VALUES ('20', '大众网', 'http://www.dzwww.com/', '', '0', '2019-04-28 20:02:39', '1', null, null);
INSERT INTO `link` VALUES ('21', '齐鲁网', 'http://www.iqilu.com/', '', '0', '2019-04-28 20:02:47', '1', null, null);
INSERT INTO `link` VALUES ('22', '中国山东网', 'http://www.sdchina.com/', '', '0', '2019-04-28 20:02:55', '1', null, null);

-- ----------------------------
-- Table structure for member_due_history
-- ----------------------------
DROP TABLE IF EXISTS `member_due_history`;
CREATE TABLE `member_due_history` (
  `id` int(11) NOT NULL AUTO_INCREMENT,
  `web_user_id` int(11) NOT NULL COMMENT '党员姓名',
  `year` int(11) NOT NULL COMMENT '缴纳年',
  `month` int(11) NOT NULL COMMENT '缴纳月',
  `money` decimal(10,2) NOT NULL COMMENT '缴纳金额',
  `deleted` tinyint(1) DEFAULT '0',
  `created_time` datetime DEFAULT CURRENT_TIMESTAMP,
  `created_user_id` int(11) DEFAULT NULL,
  `updated_time` datetime DEFAULT NULL,
  `updated_user_id` int(11) DEFAULT NULL,
  `deleted_time` datetime DEFAULT NULL,
  `deleted_user_id` int(11) DEFAULT NULL,
  PRIMARY KEY (`id`)
) ENGINE=InnoDB AUTO_INCREMENT=24 DEFAULT CHARSET=utf8;

-- ----------------------------
-- Records of member_due_history
-- ----------------------------
INSERT INTO `member_due_history` VALUES ('13', '2', '2019', '1', '25.00', '0', '2019-04-18 21:32:20', '1', null, null, null, null);
INSERT INTO `member_due_history` VALUES ('14', '2', '2019', '2', '25.00', '0', '2019-04-18 21:32:20', '1', null, null, null, null);
INSERT INTO `member_due_history` VALUES ('15', '2', '2019', '3', '25.00', '0', '2019-04-18 21:32:20', '1', null, null, null, null);
INSERT INTO `member_due_history` VALUES ('16', '2', '2019', '4', '25.00', '0', '2019-04-18 21:32:20', '1', null, null, null, null);
INSERT INTO `member_due_history` VALUES ('17', '2', '2019', '5', '25.00', '0', '2019-04-18 21:32:20', '1', null, null, null, null);
INSERT INTO `member_due_history` VALUES ('18', '2', '2019', '6', '25.00', '0', '2019-04-18 21:32:20', '1', null, null, null, null);
INSERT INTO `member_due_history` VALUES ('19', '2', '2019', '7', '28.00', '0', '2019-04-23 12:47:37', '1', null, null, null, null);
INSERT INTO `member_due_history` VALUES ('20', '2', '2019', '8', '28.00', '0', '2019-04-23 12:47:37', '1', null, null, null, null);
INSERT INTO `member_due_history` VALUES ('21', '2', '2019', '9', '28.00', '0', '2019-04-23 12:47:37', '1', null, null, null, null);
INSERT INTO `member_due_history` VALUES ('22', '4', '2019', '1', '23.00', '0', '2019-04-23 12:55:38', '1', null, null, null, null);
INSERT INTO `member_due_history` VALUES ('23', '4', '2019', '2', '23.00', '0', '2019-04-23 12:55:38', '1', null, null, null, null);

-- ----------------------------
-- Table structure for member_should_pay
-- ----------------------------
DROP TABLE IF EXISTS `member_should_pay`;
CREATE TABLE `member_should_pay` (
  `id` int(11) NOT NULL AUTO_INCREMENT,
  `web_user_id` int(11) NOT NULL,
  `year` int(11) NOT NULL,
  `money` decimal(10,2) DEFAULT NULL,
  `deleted` tinyint(4) DEFAULT '0',
  `created_time` datetime DEFAULT NULL COMMENT '创建时间',
  `created_user_id` int(11) DEFAULT NULL COMMENT '创建人',
  `updated_time` datetime DEFAULT NULL COMMENT '修改时间',
  `updated_user_id` int(11) DEFAULT NULL COMMENT '修改人',
  `deleted_time` datetime DEFAULT NULL COMMENT '删除时间',
  `deleted_user_id` int(11) DEFAULT NULL COMMENT '删除人',
  PRIMARY KEY (`id`)
) ENGINE=InnoDB AUTO_INCREMENT=3 DEFAULT CHARSET=utf8;

-- ----------------------------
-- Records of member_should_pay
-- ----------------------------
INSERT INTO `member_should_pay` VALUES ('1', '2', '2019', '28.00', '0', '2019-04-16 23:08:17', '1', '2019-04-23 12:46:50', '1', null, null);
INSERT INTO `member_should_pay` VALUES ('2', '4', '2019', '23.00', '0', '2019-04-23 12:55:27', '1', null, null, null, null);

-- ----------------------------
-- Table structure for notification
-- ----------------------------
DROP TABLE IF EXISTS `notification`;
CREATE TABLE `notification` (
  `id` int(11) NOT NULL AUTO_INCREMENT,
  `noti_type` varchar(50) DEFAULT NULL COMMENT '消息类型',
  `web_user_id` int(11) DEFAULT NULL COMMENT '用户',
  `subject` varchar(500) DEFAULT NULL COMMENT '主题',
  `content` varchar(2000) DEFAULT NULL COMMENT '内容',
  `task_id` int(11) DEFAULT NULL COMMENT '任务',
  `is_read` tinyint(1) DEFAULT '0' COMMENT '是否阅读',
  `deleted` tinyint(1) DEFAULT '0',
  `created_time` datetime DEFAULT CURRENT_TIMESTAMP,
  `created_user_id` int(11) DEFAULT NULL,
  `updated_time` datetime DEFAULT NULL,
  `updated_user_id` int(11) DEFAULT NULL,
  `deleted_time` datetime DEFAULT NULL,
  `deleted_user_id` int(11) DEFAULT NULL,
  PRIMARY KEY (`id`)
) ENGINE=InnoDB AUTO_INCREMENT=59 DEFAULT CHARSET=utf8;

-- ----------------------------
-- Records of notification
-- ----------------------------
INSERT INTO `notification` VALUES ('39', 'task', '2', '任务分配消息', '接收到任务：为即将到来的5.1劳动节准备检查工作，任务结束时间为2019-04-30，请尽快到 <a href=\"/home/user/information.html\">个人中心</a> --> <a href=\"/home/user/task.html\">任务完成情况</a> 功能下进行操作处理。', '1', '0', '0', '2019-04-29 16:54:49', '1', null, null, null, null);
INSERT INTO `notification` VALUES ('40', 'task', '3', '任务分配消息', '接收到任务：为即将到来的5.1劳动节准备检查工作，任务结束时间为2019-04-30，请尽快到 <a href=\"/home/user/information.html\">个人中心</a> --> <a href=\"/home/user/task.html\">任务完成情况</a> 功能下进行操作处理。', '1', '0', '0', '2019-04-29 16:54:49', '1', null, null, null, null);
INSERT INTO `notification` VALUES ('41', 'task', '4', '任务分配消息', '接收到任务：为即将到来的5.1劳动节准备检查工作，任务结束时间为2019-04-30，请尽快到 <a href=\"/home/user/information.html\">个人中心</a> --> <a href=\"/home/user/task.html\">任务完成情况</a> 功能下进行操作处理。', '1', '0', '0', '2019-04-29 16:54:49', '1', null, null, null, null);
INSERT INTO `notification` VALUES ('42', 'task', '7', '任务分配消息', '接收到任务：为即将到来的5.1劳动节准备检查工作，任务结束时间为2019-04-30，请尽快到 <a href=\"/home/user/information.html\">个人中心</a> --> <a href=\"/home/user/task.html\">任务完成情况</a> 功能下进行操作处理。', '1', '0', '0', '2019-04-29 16:54:49', '1', null, null, null, null);
INSERT INTO `notification` VALUES ('49', 'task', '2', '任务分配消息', '接收到任务：习近平出席庆祝人民海军成立70周年海上阅兵活动，任务结束时间为2019-04-28，请尽快到 <a href=\"/home/user/information.html\">个人中心</a> --> <a href=\"/home/user/task.html\">任务完成情况</a> 功能下进行操作处理。', '2', '0', '0', '2019-04-29 19:22:14', '1', null, null, null, null);
INSERT INTO `notification` VALUES ('50', 'task', '3', '任务分配消息', '接收到任务：习近平出席庆祝人民海军成立70周年海上阅兵活动，任务结束时间为2019-04-28，请尽快到 <a href=\"/home/user/information.html\">个人中心</a> --> <a href=\"/home/user/task.html\">任务完成情况</a> 功能下进行操作处理。', '2', '1', '0', '2019-04-29 19:22:14', '1', null, null, null, null);
INSERT INTO `notification` VALUES ('51', 'task', '4', '任务分配消息', '接收到任务：习近平出席庆祝人民海军成立70周年海上阅兵活动，任务结束时间为2019-04-28，请尽快到 <a href=\"/home/user/information.html\">个人中心</a> --> <a href=\"/home/user/task.html\">任务完成情况</a> 功能下进行操作处理。', '2', '0', '0', '2019-04-29 19:22:14', '1', null, null, null, null);
INSERT INTO `notification` VALUES ('52', 'task', '7', '任务分配消息', '接收到任务：习近平出席庆祝人民海军成立70周年海上阅兵活动，任务结束时间为2019-04-28，请尽快到 <a href=\"/home/user/information.html\">个人中心</a> --> <a href=\"/home/user/task.html\">任务完成情况</a> 功能下进行操作处理。', '2', '0', '0', '2019-04-29 19:22:14', '1', null, null, null, null);
INSERT INTO `notification` VALUES ('56', 'task', '2', '任务分配消息', '接收到任务：党政领导干部考核工作条例，任务结束时间为2019-05-04，请尽快到 <a href=\"/home/user/information.html\">个人中心</a> --> <a href=\"/home/user/task.html\">任务完成情况</a> 功能下进行操作处理。', '9', '0', '0', '2019-04-30 23:36:32', '1', null, null, null, null);
INSERT INTO `notification` VALUES ('57', 'task', '4', '任务分配消息', '接收到任务：党政领导干部考核工作条例，任务结束时间为2019-05-04，请尽快到 <a href=\"/home/user/information.html\">个人中心</a> --> <a href=\"/home/user/task.html\">任务完成情况</a> 功能下进行操作处理。', '9', '0', '0', '2019-04-30 23:36:32', '1', null, null, null, null);

-- ----------------------------
-- Table structure for organization
-- ----------------------------
DROP TABLE IF EXISTS `organization`;
CREATE TABLE `organization` (
  `id` int(11) NOT NULL AUTO_INCREMENT,
  `parent_id` int(11) NOT NULL COMMENT '上级组织机构',
  `number` varchar(200) NOT NULL COMMENT '机构编号',
  `name` varchar(200) NOT NULL COMMENT '机构名称',
  `remark` varchar(2000) NOT NULL COMMENT '备注',
  `type` tinyint(1) NOT NULL COMMENT '机构类型',
  `deleted` tinyint(1) DEFAULT '0',
  `created_time` datetime DEFAULT CURRENT_TIMESTAMP,
  `created_user_id` int(11) DEFAULT NULL,
  `updated_time` datetime DEFAULT NULL,
  `updated_user_id` int(11) DEFAULT NULL,
  `deleted_time` datetime DEFAULT NULL,
  `deleted_user_id` int(11) DEFAULT NULL,
  PRIMARY KEY (`id`)
) ENGINE=InnoDB AUTO_INCREMENT=9 DEFAULT CHARSET=utf8 COMMENT='组织机构';

-- ----------------------------
-- Records of organization
-- ----------------------------
INSERT INTO `organization` VALUES ('1', '0', '01', '机构1', 'test', '0', '0', '2019-04-06 21:55:33', '1', null, null, null, null);
INSERT INTO `organization` VALUES ('2', '1', '01001', '机构11', '机构11', '0', '0', '2019-04-13 11:29:42', '1', null, null, null, null);
INSERT INTO `organization` VALUES ('3', '0', '02', '机构2', '机构2', '0', '0', '2019-04-13 11:30:25', '1', null, null, null, null);
INSERT INTO `organization` VALUES ('4', '3', '02001', '机构21', '机构21', '0', '0', '2019-04-13 11:30:46', '1', null, null, null, null);
INSERT INTO `organization` VALUES ('5', '0', '01', '法院', '', '1', '0', '2019-04-13 20:34:20', '1', null, null, null, null);
INSERT INTO `organization` VALUES ('6', '5', '01001', '立案庭', '', '1', '0', '2019-04-13 20:36:09', '1', null, null, null, null);
INSERT INTO `organization` VALUES ('7', '5', '刑事审判第二庭', '刑事审判第二庭', '', '1', '0', '2019-04-13 20:36:25', '1', '2019-04-23 12:30:03', '1', null, null);
INSERT INTO `organization` VALUES ('8', '5', '002', '刑事审判庭一庭', '', '1', '1', '2019-04-23 12:30:32', '1', null, null, '2019-04-23 12:36:44', '1');

-- ----------------------------
-- Table structure for party_member
-- ----------------------------
DROP TABLE IF EXISTS `party_member`;
CREATE TABLE `party_member` (
  `id` int(11) NOT NULL AUTO_INCREMENT,
  `web_user_id` int(11) NOT NULL COMMENT '用户名',
  `organ_id` int(11) NOT NULL COMMENT '党组织机构',
  `join_time` date DEFAULT NULL COMMENT '入党时间',
  `score` int(11) NOT NULL DEFAULT '0' COMMENT '当前积分',
  `deleted` tinyint(1) DEFAULT '0',
  `created_time` datetime DEFAULT CURRENT_TIMESTAMP,
  `created_user_id` int(11) DEFAULT NULL,
  `updated_time` datetime DEFAULT NULL,
  `updated_user_id` int(11) DEFAULT NULL,
  `deleted_time` datetime DEFAULT NULL,
  `deleted_user_id` int(11) DEFAULT NULL,
  PRIMARY KEY (`id`)
) ENGINE=InnoDB AUTO_INCREMENT=7 DEFAULT CHARSET=utf8 COMMENT='人员信息';

-- ----------------------------
-- Records of party_member
-- ----------------------------
INSERT INTO `party_member` VALUES ('2', '2', '1', '2010-01-28', '0', '0', '2019-04-07 22:18:41', '1', '2019-04-17 23:18:49', '1', '2019-04-18 23:07:59', '1');
INSERT INTO `party_member` VALUES ('4', '4', '2', '2000-02-02', '0', '0', '2019-04-18 23:04:06', '1', null, null, null, null);
INSERT INTO `party_member` VALUES ('5', '7', '4', '2010-01-26', '0', '0', '2019-04-23 12:42:29', '1', null, null, null, null);
INSERT INTO `party_member` VALUES ('6', '3', '4', '2015-07-10', '0', '0', '2019-04-23 12:57:22', '1', null, null, null, null);

-- ----------------------------
-- Table structure for permission
-- ----------------------------
DROP TABLE IF EXISTS `permission`;
CREATE TABLE `permission` (
  `id` int(11) NOT NULL AUTO_INCREMENT COMMENT 'ID',
  `role_id` int(11) NOT NULL COMMENT '角色ID',
  `name` varchar(255) CHARACTER SET utf8 COLLATE utf8_unicode_ci NOT NULL COMMENT '权限编码',
  `created_time` datetime NOT NULL DEFAULT CURRENT_TIMESTAMP,
  PRIMARY KEY (`id`)
) ENGINE=InnoDB AUTO_INCREMENT=32 DEFAULT CHARSET=utf8;

-- ----------------------------
-- Records of permission
-- ----------------------------
INSERT INTO `permission` VALUES ('1', '2', 'system.task_type', '2019-04-21 22:17:14');
INSERT INTO `permission` VALUES ('2', '2', 'system.task', '2019-04-21 22:17:14');
INSERT INTO `permission` VALUES ('3', '2', 'system.task_item', '2019-04-21 22:17:14');
INSERT INTO `permission` VALUES ('4', '2', 'system.task_item_review', '2019-04-21 22:17:14');
INSERT INTO `permission` VALUES ('5', '9', 'system.user', '2019-04-23 10:46:59');
INSERT INTO `permission` VALUES ('6', '9', 'system.role', '2019-04-23 10:46:59');
INSERT INTO `permission` VALUES ('7', '9', 'system.banner', '2019-04-23 10:46:59');
INSERT INTO `permission` VALUES ('8', '9', 'system.website', '2019-04-23 10:46:59');
INSERT INTO `permission` VALUES ('9', '9', 'system.link', '2019-04-23 10:46:59');
INSERT INTO `permission` VALUES ('10', '9', 'system.cache', '2019-04-23 10:46:59');
INSERT INTO `permission` VALUES ('11', '9', 'system.department', '2019-04-23 10:46:59');
INSERT INTO `permission` VALUES ('12', '9', 'system.organization', '2019-04-23 10:46:59');
INSERT INTO `permission` VALUES ('13', '9', 'system.position', '2019-04-23 10:46:59');
INSERT INTO `permission` VALUES ('14', '9', 'system.web_user', '2019-04-23 10:46:59');
INSERT INTO `permission` VALUES ('15', '9', 'system.party_member', '2019-04-23 10:46:59');
INSERT INTO `permission` VALUES ('16', '9', 'system.score_item', '2019-04-23 10:46:59');
INSERT INTO `permission` VALUES ('17', '9', 'system.score_history_review', '2019-04-23 10:46:59');
INSERT INTO `permission` VALUES ('18', '9', 'system.should_pay_list', '2019-04-23 10:46:59');
INSERT INTO `permission` VALUES ('19', '9', 'system.task_type', '2019-04-23 10:46:59');
INSERT INTO `permission` VALUES ('20', '9', 'system.task', '2019-04-23 10:46:59');
INSERT INTO `permission` VALUES ('21', '9', 'system.task_item', '2019-04-23 10:46:59');
INSERT INTO `permission` VALUES ('22', '9', 'system.task_item_review', '2019-04-23 10:46:59');
INSERT INTO `permission` VALUES ('23', '9', 'system.case_info', '2019-04-23 10:46:59');
INSERT INTO `permission` VALUES ('24', '9', 'system.case_info_search', '2019-04-23 10:46:59');
INSERT INTO `permission` VALUES ('25', '9', 'system.case_info_report', '2019-04-23 10:46:59');
INSERT INTO `permission` VALUES ('26', '9', 'system.section', '2019-04-23 10:46:59');
INSERT INTO `permission` VALUES ('27', '9', 'system.news', '2019-04-23 10:46:59');
INSERT INTO `permission` VALUES ('28', '9', 'system.party_affairs', '2019-04-23 10:46:59');
INSERT INTO `permission` VALUES ('29', '9', 'system.publish_type', '2019-04-23 10:46:59');
INSERT INTO `permission` VALUES ('30', '9', 'system.publish_info', '2019-04-23 10:46:59');
INSERT INTO `permission` VALUES ('31', '9', 'system.publish_info_review', '2019-04-23 10:46:59');

-- ----------------------------
-- Table structure for position
-- ----------------------------
DROP TABLE IF EXISTS `position`;
CREATE TABLE `position` (
  `id` int(11) NOT NULL AUTO_INCREMENT,
  `number` varchar(100) NOT NULL COMMENT '职务名称',
  `name` varchar(200) NOT NULL COMMENT '职务名称',
  `remark` varchar(2000) DEFAULT NULL COMMENT '备注',
  `deleted` tinyint(1) DEFAULT '0',
  `created_time` datetime DEFAULT CURRENT_TIMESTAMP,
  `created_user_id` int(11) DEFAULT NULL,
  `updated_time` datetime DEFAULT NULL,
  `updated_user_id` int(11) DEFAULT NULL,
  `deleted_time` datetime DEFAULT NULL,
  `deleted_user_id` int(11) DEFAULT NULL,
  PRIMARY KEY (`id`)
) ENGINE=InnoDB AUTO_INCREMENT=5 DEFAULT CHARSET=utf8 COMMENT='职务';

-- ----------------------------
-- Records of position
-- ----------------------------
INSERT INTO `position` VALUES ('1', '02001', '审判员', 'test1', '0', '2019-04-06 22:13:09', '1', '2019-04-13 20:46:10', '1', null, null);
INSERT INTO `position` VALUES ('2', '02002', '庭长', '', '0', '2019-04-13 20:45:18', '1', '2019-04-13 20:45:57', '1', null, null);
INSERT INTO `position` VALUES ('3', '020002', '书记员', '', '0', '2019-04-13 20:46:39', '1', null, null, null, null);
INSERT INTO `position` VALUES ('4', '002', '测试职务', '', '1', '2019-04-23 12:31:45', '1', null, null, '2019-04-23 12:36:15', '1');

-- ----------------------------
-- Table structure for publish_type
-- ----------------------------
DROP TABLE IF EXISTS `publish_type`;
CREATE TABLE `publish_type` (
  `id` int(11) NOT NULL AUTO_INCREMENT,
  `name` varchar(100) DEFAULT NULL COMMENT '分类名称',
  `display` int(11) DEFAULT NULL COMMENT '显示顺序',
  `deleted` tinyint(1) DEFAULT '0',
  `created_time` datetime DEFAULT CURRENT_TIMESTAMP,
  `created_user_id` int(11) DEFAULT NULL,
  `updated_time` datetime DEFAULT NULL,
  `updated_user_id` int(11) DEFAULT NULL,
  `deleted_time` datetime DEFAULT NULL,
  `deleted_user_id` int(11) DEFAULT NULL,
  PRIMARY KEY (`id`)
) ENGINE=InnoDB AUTO_INCREMENT=3 DEFAULT CHARSET=utf8;

-- ----------------------------
-- Records of publish_type
-- ----------------------------
INSERT INTO `publish_type` VALUES ('1', '政策文件调研', '0', '0', '2019-04-15 17:29:21', '1', '2019-04-27 12:10:55', '1', null, null);
INSERT INTO `publish_type` VALUES ('2', '党建工作调研', '1', '0', '2019-04-15 17:32:38', '1', '2019-04-27 12:11:03', '1', null, null);

-- ----------------------------
-- Table structure for role
-- ----------------------------
DROP TABLE IF EXISTS `role`;
CREATE TABLE `role` (
  `id` int(11) NOT NULL AUTO_INCREMENT,
  `type` tinyint(4) DEFAULT NULL COMMENT '数据级别',
  `name` varchar(255) NOT NULL,
  `deleted` tinyint(4) NOT NULL DEFAULT '0',
  `created_time` datetime NOT NULL DEFAULT CURRENT_TIMESTAMP,
  `created_user_id` int(11) NOT NULL,
  `updated_time` datetime DEFAULT NULL,
  `updated_user_id` int(11) DEFAULT NULL,
  `deleted_time` datetime DEFAULT NULL,
  `deleted_user_id` int(11) DEFAULT NULL,
  PRIMARY KEY (`id`)
) ENGINE=InnoDB AUTO_INCREMENT=14 DEFAULT CHARSET=utf8;

-- ----------------------------
-- Records of role
-- ----------------------------
INSERT INTO `role` VALUES ('1', '1', '管理员', '0', '2017-10-13 16:25:22', '1', null, null, null, null);
INSERT INTO `role` VALUES ('2', '2', '科室管理员', '0', '2018-12-03 21:48:09', '1', '2019-04-23 10:40:09', '1', null, null);
INSERT INTO `role` VALUES ('8', '2', 'test', '1', '2019-03-29 18:03:01', '1', null, null, '2019-03-29 18:03:21', '1');
INSERT INTO `role` VALUES ('9', '0', '测试管理员', '1', '2019-04-23 10:46:42', '1', null, null, '2019-04-23 10:47:49', '20');
INSERT INTO `role` VALUES ('10', '0', '测试管理员', '1', '2019-04-23 10:49:06', '20', null, null, '2019-04-23 10:49:12', '20');
INSERT INTO `role` VALUES ('11', '0', 'test角色', '1', '2019-04-27 14:56:53', '1', null, null, '2019-04-27 14:57:16', '1');
INSERT INTO `role` VALUES ('12', '0', 'test角色', '0', '2019-04-27 15:03:20', '1', null, null, null, null);
INSERT INTO `role` VALUES ('13', '0', 'test211', '1', '2019-04-27 15:03:28', '1', '2019-04-27 15:03:37', '1', '2019-04-27 15:04:18', '1');

-- ----------------------------
-- Table structure for score_history
-- ----------------------------
DROP TABLE IF EXISTS `score_history`;
CREATE TABLE `score_history` (
  `id` int(11) NOT NULL AUTO_INCREMENT,
  `web_user_id` int(11) NOT NULL COMMENT '党员',
  `score_item_id` int(11) NOT NULL COMMENT '积分项目',
  `review_user_id` int(11) DEFAULT NULL COMMENT '审核人员',
  `review_time` datetime DEFAULT NULL COMMENT '审核时间',
  `review_status` int(11) DEFAULT NULL COMMENT '审核状态',
  `review_comment` varchar(2000) DEFAULT NULL COMMENT '审核意见',
  `deleted` tinyint(1) DEFAULT '0',
  `created_time` datetime DEFAULT CURRENT_TIMESTAMP,
  `created_user_id` int(11) DEFAULT NULL,
  `updated_time` datetime DEFAULT NULL,
  `updated_user_id` int(11) DEFAULT NULL,
  `deleted_time` datetime DEFAULT NULL,
  `deleted_user_id` int(11) DEFAULT NULL,
  PRIMARY KEY (`id`)
) ENGINE=InnoDB AUTO_INCREMENT=8 DEFAULT CHARSET=utf8;

-- ----------------------------
-- Records of score_history
-- ----------------------------
INSERT INTO `score_history` VALUES ('1', '2', '1', null, null, '1', null, '1', '2019-04-07 23:01:04', '1', null, null, '2019-04-09 23:18:45', '1');
INSERT INTO `score_history` VALUES ('2', '2', '1', '1', '2019-04-18 22:21:00', '2', 'tewst', '0', '2019-04-09 22:20:02', '1', null, null, null, null);
INSERT INTO `score_history` VALUES ('3', '4', '1', '1', '2019-04-23 12:44:36', '3', '虚假信息', '1', '2019-04-18 23:13:59', '1', '2019-04-23 18:18:53', '1', '2019-04-27 15:24:25', '1');
INSERT INTO `score_history` VALUES ('4', '2', '2', '1', '2019-04-23 12:44:22', '2', '通过', '1', '2019-04-23 12:43:58', '1', null, null, '2019-04-27 15:24:00', '1');
INSERT INTO `score_history` VALUES ('5', '4', '1', '1', '2019-04-23 18:21:03', '2', 'tog', '1', '2019-04-23 18:19:16', '1', '2019-04-23 18:21:51', '1', '2019-04-27 15:24:41', '1');
INSERT INTO `score_history` VALUES ('6', '4', '1', '1', '2019-04-27 15:35:12', '3', '通过', '0', '2019-04-27 15:27:25', '1', '2019-04-27 15:29:29', '1', null, null);
INSERT INTO `score_history` VALUES ('7', '4', '2', '1', '2019-04-27 15:29:57', '3', '通过', '0', '2019-04-27 15:27:30', '1', null, null, null, null);

-- ----------------------------
-- Table structure for score_item
-- ----------------------------
DROP TABLE IF EXISTS `score_item`;
CREATE TABLE `score_item` (
  `id` int(11) NOT NULL AUTO_INCREMENT COMMENT '项目编号',
  `name` varchar(200) NOT NULL COMMENT '积分项目名称',
  `score` int(11) NOT NULL COMMENT '对应分值',
  `deleted` tinyint(1) DEFAULT '0',
  `created_time` datetime DEFAULT CURRENT_TIMESTAMP,
  `created_user_id` int(11) DEFAULT NULL,
  `updated_time` datetime DEFAULT NULL,
  `updated_user_id` int(11) DEFAULT NULL,
  `deleted_time` datetime DEFAULT NULL,
  `deleted_user_id` int(11) DEFAULT NULL,
  PRIMARY KEY (`id`)
) ENGINE=InnoDB AUTO_INCREMENT=3 DEFAULT CHARSET=utf8 COMMENT='党员积分项目';

-- ----------------------------
-- Records of score_item
-- ----------------------------
INSERT INTO `score_item` VALUES ('1', '助人为乐奖', '20', '0', '2019-04-07 22:38:52', '1', '2019-04-07 22:39:18', '1', null, null);
INSERT INTO `score_item` VALUES ('2', 'test积分项目', '100', '0', '2019-04-23 12:43:40', '1', '2019-04-23 18:21:19', '1', null, null);

-- ----------------------------
-- Table structure for section
-- ----------------------------
DROP TABLE IF EXISTS `section`;
CREATE TABLE `section` (
  `id` int(11) NOT NULL AUTO_INCREMENT COMMENT '栏目编号',
  `parent_id` int(11) NOT NULL COMMENT '父栏目',
  `name` varchar(200) NOT NULL COMMENT '栏目名称',
  `tf_show_index` tinyint(1) NOT NULL COMMENT '是否首页显示',
  `sort` decimal(10,0) DEFAULT NULL COMMENT '排序',
  `url` varchar(255) DEFAULT NULL COMMENT '栏目跳转网址',
  `role_ids` varchar(2000) DEFAULT NULL,
  `deleted` tinyint(1) DEFAULT '0',
  `created_time` datetime DEFAULT CURRENT_TIMESTAMP,
  `created_user_id` int(11) DEFAULT NULL,
  `updated_time` datetime DEFAULT NULL,
  `updated_user_id` int(11) DEFAULT NULL,
  `deleted_time` datetime DEFAULT NULL,
  `deleted_user_id` int(11) DEFAULT NULL,
  PRIMARY KEY (`id`)
) ENGINE=InnoDB AUTO_INCREMENT=19 DEFAULT CHARSET=utf8 COMMENT='信息栏目';

-- ----------------------------
-- Records of section
-- ----------------------------
INSERT INTO `section` VALUES ('1', '0', '党内政治生活', '1', '1', null, null, '0', '2019-04-14 20:36:43', null, null, null, null, null);
INSERT INTO `section` VALUES ('2', '0', '党务检务公开', '1', '2', null, null, '0', '2019-04-14 20:36:43', null, null, null, null, null);
INSERT INTO `section` VALUES ('3', '0', '办案公示', '1', '3', null, null, '0', '2019-04-14 20:36:43', null, null, null, null, null);
INSERT INTO `section` VALUES ('4', '0', '信息调研宣传公示', '1', '4', null, null, '0', '2019-04-14 20:36:43', null, null, null, null, null);
INSERT INTO `section` VALUES ('5', '0', '任务分配监督', '1', '5', null, null, '0', '2019-04-14 20:36:43', null, null, null, null, null);
INSERT INTO `section` VALUES ('6', '0', '新闻资讯', '0', '6', 'teasteddd', null, '0', '2019-04-14 21:01:04', '1', '2019-04-14 21:08:22', '1', null, null);
INSERT INTO `section` VALUES ('7', '0', '出庭公告', '0', '7', null, null, '0', '2019-04-18 23:01:35', null, null, null, null, null);
INSERT INTO `section` VALUES ('8', '1', '党员发展', '0', '1', '', null, '0', '2019-04-21 23:13:24', '1', '2019-04-27 11:34:08', '1', null, null);
INSERT INTO `section` VALUES ('9', '2', '公开1', '0', '1', '', null, '0', '2019-04-21 23:13:48', '1', '2019-04-21 23:13:56', '1', null, null);
INSERT INTO `section` VALUES ('10', '3', '公示1', '0', '1', '', null, '0', '2019-04-21 23:15:57', '1', null, null, null, null);
INSERT INTO `section` VALUES ('11', '2', '公开2', '0', '2', '', null, '0', '2019-04-22 00:00:49', '1', null, null, null, null);
INSERT INTO `section` VALUES ('12', '6', '重大要闻', '0', '1', '', null, '0', '2019-04-22 20:49:40', '1', '2019-04-27 11:08:01', '1', null, null);
INSERT INTO `section` VALUES ('13', '6', '党建新闻', '0', '2', '', null, '0', '2019-04-27 11:05:59', '1', null, null, null, null);
INSERT INTO `section` VALUES ('14', '6', '政策资讯', '0', '3', '', null, '0', '2019-04-27 11:06:17', '1', null, null, null, null);
INSERT INTO `section` VALUES ('15', '6', '精彩活动', '0', '4', '', null, '0', '2019-04-27 11:06:34', '1', '2019-04-27 11:32:51', '1', null, null);
INSERT INTO `section` VALUES ('16', '1', '党员教育', '0', '2', '', null, '0', '2019-04-27 11:34:21', '1', '2019-04-27 11:34:36', '1', null, null);
INSERT INTO `section` VALUES ('17', '1', '党员服务', '0', '3', '', null, '0', '2019-04-27 11:34:31', '1', '2019-04-27 11:34:40', '1', null, null);
INSERT INTO `section` VALUES ('18', '1', '党员风采', '0', '4', '', null, '0', '2019-04-27 11:35:06', '1', null, null, null, null);

-- ----------------------------
-- Table structure for section_info
-- ----------------------------
DROP TABLE IF EXISTS `section_info`;
CREATE TABLE `section_info` (
  `id` int(11) NOT NULL AUTO_INCREMENT,
  `section_id` int(11) NOT NULL COMMENT '信息栏目',
  `publish_type_id` int(11) DEFAULT NULL,
  `level` varchar(50) DEFAULT NULL,
  `publish_time` datetime NOT NULL DEFAULT CURRENT_TIMESTAMP COMMENT '发布时间',
  `user_id` int(11) DEFAULT NULL COMMENT '发布人',
  `web_user_id` int(11) DEFAULT NULL,
  `picture_url` varchar(2000) DEFAULT NULL COMMENT '信息主图',
  `title` varchar(2000) DEFAULT NULL COMMENT '信息标题',
  `summary` varchar(2000) DEFAULT NULL COMMENT '信息概要说明',
  `content` longtext COMMENT '信息内容',
  `status` tinyint(1) DEFAULT NULL,
  `deleted` tinyint(1) DEFAULT '0',
  `created_time` datetime DEFAULT CURRENT_TIMESTAMP,
  `created_user_id` int(11) DEFAULT NULL,
  `updated_time` datetime DEFAULT NULL,
  `updated_user_id` int(11) DEFAULT NULL,
  `deleted_time` datetime DEFAULT NULL,
  `deleted_user_id` int(11) DEFAULT NULL,
  `review_user_id` int(11) DEFAULT NULL COMMENT '审核人员',
  `review_time` datetime DEFAULT NULL COMMENT '审核时间',
  `review_status` int(11) DEFAULT NULL COMMENT '审核状态',
  `review_comment` varchar(2000) DEFAULT NULL COMMENT '审核意见',
  PRIMARY KEY (`id`)
) ENGINE=InnoDB AUTO_INCREMENT=36 DEFAULT CHARSET=utf8 COMMENT='信息发布';

-- ----------------------------
-- Records of section_info
-- ----------------------------
INSERT INTO `section_info` VALUES ('1', '9', null, null, '2019-04-14 22:01:46', '1', null, '', '党务检务公开', '党务检务公开', '<p style=\"font-size:18px;color:#333333;font-family:微软雅黑;background-color:#FFFFFF;\">\r\n	按照党章规定向党组织交纳党费，是共产党员必须具备的起码条件，是党员对党组织应尽的义务。党费收缴、使用和管理，是党的基层组织建设和党员队伍建设中的一项重要工作。\r\n</p>\r\n<p style=\"font-size:18px;color:#333333;font-family:微软雅黑;background-color:#FFFFFF;\">\r\n	  <strong>党组织可否安排非中共党员人员向党员收取党费？</strong>\r\n</p>\r\n<p style=\"font-size:18px;color:#333333;font-family:微软雅黑;background-color:#FFFFFF;\">\r\n	  答：收缴党费是党内一项严肃的工作，设党小组的支部，应由党小组组长负责收取，设支委会的支部，应由支部组织委员负责收取；不设支委会的支部，应由支部书记负责收取。有的部门和单位党组织安排非中共党员人员（如非中共党员的财会人员）向党员收取党费，这种做法是不妥的，应该予以纠正。\r\n</p>\r\n<p style=\"font-size:18px;color:#333333;font-family:微软雅黑;background-color:#FFFFFF;\">\r\n	 <strong> 党费能从工资里扣除吗？</strong>\r\n</p>\r\n<p style=\"font-size:18px;color:#333333;font-family:微软雅黑;background-color:#FFFFFF;\">\r\n	  答：中央组织部编印的《党员管理手册》中强调党组织不准采用从工资中扣除的形式代替党员交纳党费。因此，从工资中扣除党费的做法是不可行的。\r\n</p>\r\n<p style=\"font-size:18px;color:#333333;font-family:微软雅黑;background-color:#FFFFFF;\">\r\n	  <strong>党费能提前交吗？</strong>\r\n</p>\r\n<p style=\"font-size:18px;color:#333333;font-family:微软雅黑;background-color:#FFFFFF;\">\r\n	  答：一般情况下，不允许提前交纳或一次性集中补交党费。如有特殊情况，党员暂时离开原单位外出，按时交纳党费有困难，经支部同意，提前交或后补交是可以的，补交时间不得超过3个月。特别需要指出的是，不允许为图省事提前交纳若干月的党费，基层党组织要严格把握规定，对违反规定的要严肃批评。\r\n</p>\r\n<p style=\"font-size:18px;color:#333333;font-family:微软雅黑;background-color:#FFFFFF;\">\r\n	  <strong>想多交党费怎么办？</strong>\r\n</p>\r\n<p style=\"font-size:18px;color:#333333;font-family:微软雅黑;background-color:#FFFFFF;\">\r\n	  答：党员自愿多交党费不限。自愿一次多交纳1000元以上的党费，全部上缴中央。具体办法是：由所在基层党委代收，并提供该党员的简要情况，通过省部级党委组织部门转交中央组织部。中央组织部给本人出具收据。\r\n</p>\r\n<p style=\"font-size:18px;color:#333333;font-family:微软雅黑;background-color:#FFFFFF;\">\r\n	  <strong>党员取得的临时性收入是否列入交纳党费计算基数？</strong>\r\n</p>\r\n<p style=\"font-size:18px;color:#333333;font-family:微软雅黑;background-color:#FFFFFF;\">\r\n	  答：按月领取工资的党员，除将“相对固定的、经常性的工资收入（税后）”列入交纳党费计算基数之外，临时性的收入，比如临时性的津贴费、补助、稿费、讲课费、银行存款利息等，不列入交纳党费计算基数。\r\n</p>\r\n<p style=\"font-size:18px;color:#333333;font-family:微软雅黑;background-color:#FFFFFF;\">\r\n	  <strong>党员必须每个月都交纳党费吗？</strong>\r\n</p>\r\n<p style=\"font-size:18px;color:#333333;font-family:微软雅黑;background-color:#FFFFFF;\">\r\n	  答：党员应该主动按月缴纳党费。遇到特殊情况，经党支部同意，可以每季度缴纳一次党费，也可委托亲属或者其他党员代为缴纳或者补交党费。补交党费的时间一般不得超过6个月。\r\n</p>\r\n<p style=\"font-size:18px;color:#333333;font-family:微软雅黑;background-color:#FFFFFF;\">\r\n	  <strong>对不按规定交纳党费的党员怎么处理？</strong>\r\n</p>\r\n<p style=\"font-size:18px;color:#333333;font-family:微软雅黑;background-color:#FFFFFF;\">\r\n	  答：对不按照规定交纳党费的党员，所在党组织应及时对其进行批评教育，限期改正。对无正当理由，连续6个月不交纳党费的党员，按自行脱党处理。\r\n</p>', null, '0', '2019-04-14 22:01:46', '1', '2019-04-21 23:24:02', '1', null, null, null, null, null, null);
INSERT INTO `section_info` VALUES ('2', '4', '2', 'national', '2019-04-15 17:44:44', '1', null, null, '民政部关于同意将北京市石景山区等单位确认为全国社区治理和服务创新实验区的批复', '民政部关于同意将北京市石景山区等单位确认为全国社区治理和服务创新实验区的批复', '<p align=\"justify\" style=\"font-family:微软雅黑;color:#333333;font-size:16px;background-color:#FFFFFF;\">\r\n	北京市、天津市、辽宁省、黑龙江省、上海市、江苏省、浙江省、安徽省、江西省、山东省、河南省、湖北省、湖南省、广东省、重庆市、四川省、陕西省、甘肃省民政厅（局）：\r\n</p>\r\n<p align=\"justify\" style=\"font-family:微软雅黑;color:#333333;font-size:16px;background-color:#FFFFFF;\">\r\n	  2018年以来，民政部启动运用发现机制开展申报认定全国社区治理和服务创新实验区工作。经过地方申报、遴选、专家论证等工作环节，经研究，同意将北京市石景山区，天津市河北区，辽宁省沈阳市和平区，黑龙江省双鸭山市岭东区，上海市长宁区，江苏省南京市溧水区、徐州市鼓楼区、南通市崇川区，浙江省杭州市江干区、绍兴市越城区、衢州市，安徽省合肥市包河区，江西省南昌市西湖区，山东省烟台市芝罘区、滨州市滨城区，河南省许昌市魏都区，湖北省武汉市江岸区、宜都市、咸宁市，湖南省长沙市天心区、株洲市天元区，广东省佛山市禅城区，重庆市江北区，四川省成都市金牛区、成都市新都区、邛崃市，陕西省西安市莲湖区、榆林市榆阳区，甘肃省酒泉市肃州区等单位确认为全国社区治理和服务创新实验区，已通过结项验收的上海市徐汇区、江苏省南京市雨花台区等实验区以新的实验主题开展实验工作，实验时间为期两年。\r\n</p>\r\n<p align=\"justify\" style=\"font-family:微软雅黑;color:#333333;font-size:16px;background-color:#FFFFFF;\">\r\n	  希望上述实验区以习近平新时代中国特色社会主义思想为指导，全面贯彻党的十九大精神，贯彻落实《中共中央 国务院关于加强和完善城乡社区治理的意见》，增强责任感和使命感，围绕实验主题，扎实推进各项实验任务，为推进城市社区治理体系和治理能力现代化提供鲜活样板。各有关省级民政部门要密切关注实验区工作进展，加强政策指导，加强信息沟通，加强跟踪问效，确保实验工作有序推进。\r\n</p>\r\n<p align=\"justify\" style=\"font-family:微软雅黑;color:#333333;font-size:16px;background-color:#FFFFFF;\">\r\n	  附件：全国社区治理和服务创新实验区实验任务\r\n</p>\r\n<p style=\"font-family:微软雅黑;color:#333333;font-size:16px;background-color:#FFFFFF;text-align:right;\">\r\n	  民政部\r\n</p>\r\n<p style=\"font-family:微软雅黑;color:#333333;font-size:16px;background-color:#FFFFFF;text-align:right;\">\r\n	  2019年3月25日\r\n</p>\r\n<p style=\"font-family:微软雅黑;color:#333333;font-size:16px;background-color:#FFFFFF;\">\r\n	<strong>附件</strong>\r\n</p>\r\n<p style=\"font-family:微软雅黑;color:#333333;font-size:16px;background-color:#FFFFFF;\">\r\n	 \r\n</p>\r\n<p align=\"center\" style=\"font-family:微软雅黑;color:#333333;font-size:16px;background-color:#FFFFFF;\">\r\n	<span style=\"font-size:20px;\"><strong>全国社区治理和服务创新实验区实验任务</strong></span>\r\n</p>\r\n<p style=\"font-family:微软雅黑;color:#333333;font-size:16px;background-color:#FFFFFF;text-align:center;\">\r\n	 \r\n</p>\r\n<table align=\"center\" border=\"1\" cellspacing=\"0\" style=\"margin:0px;padding:0px;font-family:微软雅黑;color:#333333;font-size:16px;background-color:#FFFFFF;width:945px;\">\r\n	<tbody>\r\n		<tr>\r\n			<td style=\"font-family:微软雅黑;\">\r\n				<p align=\"center\">\r\n					<strong>序号</strong>\r\n				</p>\r\n			</td>\r\n			<td style=\"font-family:微软雅黑;\">\r\n				<p align=\"center\">\r\n					<strong>实验</strong><strong>单位</strong>\r\n				</p>\r\n			</td>\r\n			<td style=\"font-family:微软雅黑;\">\r\n				<p align=\"center\">\r\n					<strong>实验主题</strong>\r\n				</p>\r\n			</td>\r\n			<td style=\"font-family:微软雅黑;\">\r\n				<p align=\"center\">\r\n					<strong>实验内容</strong>\r\n				</p>\r\n			</td>\r\n		</tr>\r\n		<tr>\r\n			<td style=\"font-family:微软雅黑;\">\r\n				<p align=\"center\">\r\n					1\r\n				</p>\r\n			</td>\r\n			<td style=\"font-family:微软雅黑;\">\r\n				<p align=\"center\">\r\n					北京市石景山区\r\n				</p>\r\n			</td>\r\n			<td style=\"font-family:微软雅黑;\">\r\n				<p style=\"text-align:justify;\">\r\n					打造“老街坊”品牌，构建共建共治共享社区治理机制\r\n				</p>\r\n			</td>\r\n			<td style=\"font-family:微软雅黑;\">\r\n				<p style=\"text-align:justify;\">\r\n					以“老街坊”组织化建设为抓手，以服务精准化、专业化为导向，以志愿服务与个人信用挂钩为突破，以信息化建设为支撑，以培育社区公共精神为核心，构建守望相助的社区和谐幸福家园\r\n				</p>\r\n			</td>\r\n		</tr>\r\n		<tr>\r\n			<td style=\"font-family:微软雅黑;\">\r\n				<p align=\"center\">\r\n					2\r\n				</p>\r\n			</td>\r\n			<td style=\"font-family:微软雅黑;\">\r\n				<p align=\"center\">\r\n					天津市河北区\r\n				</p>\r\n			</td>\r\n			<td style=\"font-family:微软雅黑;\">\r\n				<p style=\"text-align:justify;\">\r\n					党建引领社区物业服务管理机制建设\r\n				</p>\r\n			</td>\r\n			<td style=\"font-family:微软雅黑;\">\r\n				<p style=\"text-align:justify;\">\r\n					探索建立健全党建引领、多方联动的社区物业服务管理机制\r\n				</p>\r\n			</td>\r\n		</tr>\r\n		<tr>\r\n			<td style=\"font-family:微软雅黑;\">\r\n				<p align=\"center\">\r\n					3\r\n				</p>\r\n			</td>\r\n			<td style=\"font-family:微软雅黑;\">\r\n				<p align=\"center\">\r\n					辽宁省沈阳市和平区\r\n				</p>\r\n			</td>\r\n			<td style=\"font-family:微软雅黑;\">\r\n				<p style=\"text-align:justify;\">\r\n					建设幸福社区家，激活居民参与内生动力\r\n				</p>\r\n			</td>\r\n			<td style=\"font-family:微软雅黑;\">\r\n				<p style=\"text-align:justify;\">\r\n					建设以“社区家”为文化引领，推进建设“人人参与、人人尽力、人人共享”的城市社区生活共同体\r\n				</p>\r\n			</td>\r\n		</tr>\r\n		<tr>\r\n			<td style=\"font-family:微软雅黑;\">\r\n				<p align=\"center\">\r\n					4\r\n				</p>\r\n			</td>\r\n			<td style=\"font-family:微软雅黑;\">\r\n				<p align=\"center\">\r\n					黑龙江省双鸭山市\r\n				</p>\r\n				<p align=\"center\">\r\n					岭东区\r\n				</p>\r\n			</td>\r\n			<td style=\"font-family:微软雅黑;\">\r\n				<p style=\"text-align:justify;\">\r\n					邻里家园·活力社区\r\n				</p>\r\n			</td>\r\n			<td style=\"font-family:微软雅黑;\">\r\n				<p style=\"text-align:justify;\">\r\n					探索沉陷区、棚户区改造后社区治理体系建设和社区治理能力提升有效机制\r\n				</p>\r\n			</td>\r\n		</tr>\r\n		<tr>\r\n			<td style=\"font-family:微软雅黑;\">\r\n				<p align=\"center\">\r\n					5\r\n				</p>\r\n			</td>\r\n			<td style=\"font-family:微软雅黑;\">\r\n				<p align=\"center\">\r\n					上海市徐汇区\r\n				</p>\r\n			</td>\r\n			<td style=\"font-family:微软雅黑;\">\r\n				<p style=\"text-align:justify;\">\r\n					深化社区工作者全面成长机制探索实践\r\n				</p>\r\n			</td>\r\n			<td style=\"font-family:微软雅黑;\">\r\n				<p style=\"text-align:justify;\">\r\n					深入探索社区工作者培养、评价、选拔、使用、激励机制，提升社区工作者职业化、专业化水平\r\n				</p>\r\n			</td>\r\n		</tr>\r\n		<tr>\r\n			<td style=\"font-family:微软雅黑;\">\r\n				<p align=\"center\">\r\n					6\r\n				</p>\r\n			</td>\r\n			<td style=\"font-family:微软雅黑;\">\r\n				<p align=\"center\">\r\n					上海市长宁区\r\n				</p>\r\n			</td>\r\n			<td style=\"font-family:微软雅黑;\">\r\n				<p style=\"text-align:justify;\">\r\n					优化社区分类治理，推进社区治理精细化\r\n				</p>\r\n			</td>\r\n			<td style=\"font-family:微软雅黑;\">\r\n				<p style=\"text-align:justify;\">\r\n					合理划分社区治理类型，形成“三清单一攻略一导则”，推进公共服务资源精准配置，提升社区治理精准化、精细化水平\r\n				</p>\r\n			</td>\r\n		</tr>\r\n		<tr>\r\n			<td style=\"font-family:微软雅黑;\">\r\n				<p align=\"center\">\r\n					7\r\n				</p>\r\n			</td>\r\n			<td style=\"font-family:微软雅黑;\">\r\n				<p align=\"center\">\r\n					江苏省南京市雨花台区\r\n				</p>\r\n			</td>\r\n			<td style=\"font-family:微软雅黑;\">\r\n				<p style=\"text-align:justify;\">\r\n					探索四聚式“三社联动”路径\r\n				</p>\r\n			</td>\r\n			<td style=\"font-family:微软雅黑;\">\r\n				<p>\r\n					聚焦平台、聚焦需求、聚焦协同、聚焦治理，深化“三社联动”机制探索\r\n				</p>\r\n			</td>\r\n		</tr>\r\n		<tr>\r\n			<td style=\"font-family:微软雅黑;\">\r\n				<p align=\"center\">\r\n					8\r\n				</p>\r\n			</td>\r\n			<td style=\"font-family:微软雅黑;\">\r\n				<p align=\"center\">\r\n					江苏省南京市溧水区\r\n				</p>\r\n			</td>\r\n			<td style=\"font-family:微软雅黑;\">\r\n				<p style=\"text-align:justify;\">\r\n					创新政府购买社区服务机制\r\n				</p>\r\n			</td>\r\n			<td style=\"font-family:微软雅黑;\">\r\n				<p style=\"text-align:justify;\">\r\n					加强社区服务资金统筹，建立健全政府购买社区服务需求发现、项目设计、评审评估、绩效监管机制\r\n				</p>\r\n			</td>\r\n		</tr>\r\n		<tr>\r\n			<td style=\"font-family:微软雅黑;\">\r\n				<p align=\"center\">\r\n					9\r\n				</p>\r\n			</td>\r\n			<td style=\"font-family:微软雅黑;\">\r\n				<p align=\"center\">\r\n					江苏省徐州市鼓楼区\r\n				</p>\r\n			</td>\r\n			<td style=\"font-family:微软雅黑;\">\r\n				<p style=\"text-align:justify;\">\r\n					建设智慧社区，打造社区“云”治理\r\n				</p>\r\n			</td>\r\n			<td style=\"font-family:微软雅黑;\">\r\n				<p style=\"text-align:justify;\">\r\n					深化大数据云平台建设，以人工智能技术应用为依托，推动实现信息化与社区治理深度融合的有效路径\r\n				</p>\r\n			</td>\r\n		</tr>\r\n		<tr>\r\n			<td style=\"font-family:微软雅黑;\">\r\n				<p align=\"center\">\r\n					10\r\n				</p>\r\n			</td>\r\n			<td style=\"font-family:微软雅黑;\">\r\n				<p align=\"center\">\r\n					江苏省南通市崇川区\r\n				</p>\r\n			</td>\r\n			<td style=\"font-family:微软雅黑;\">\r\n				<p style=\"text-align:justify;\">\r\n					“邻里+”社区治理机制探索\r\n				</p>\r\n			</td>\r\n			<td style=\"font-family:微软雅黑;\">\r\n				<p style=\"text-align:justify;\">\r\n					优化社区治理体系，加强邻里文化引领，整合公共服务资源，探索“邻里守望、和谐相亲”的社区治理机制\r\n				</p>\r\n			</td>\r\n		</tr>\r\n		<tr>\r\n			<td style=\"font-family:微软雅黑;\">\r\n				<p align=\"center\">\r\n					11\r\n				</p>\r\n			</td>\r\n			<td style=\"font-family:微软雅黑;\">\r\n				<p align=\"center\">\r\n					浙江省杭州市江干区\r\n				</p>\r\n			</td>\r\n			<td style=\"font-family:微软雅黑;\">\r\n				<p style=\"text-align:justify;\">\r\n					探索打造“双网共生”社区治理机制\r\n				</p>\r\n			</td>\r\n			<td style=\"font-family:微软雅黑;\">\r\n				<p style=\"text-align:justify;\">\r\n					探索社区居民自治与网格化服务管理有效衔接的机制和路径\r\n				</p>\r\n			</td>\r\n		</tr>\r\n		<tr>\r\n			<td style=\"font-family:微软雅黑;\">\r\n				<p align=\"center\">\r\n					12\r\n				</p>\r\n			</td>\r\n			<td style=\"font-family:微软雅黑;\">\r\n				<p align=\"center\">\r\n					浙江省绍兴市越城区\r\n				</p>\r\n			</td>\r\n			<td style=\"font-family:微软雅黑;\">\r\n				<p style=\"text-align:justify;\">\r\n					“五邻社”链接社区资源，契约化推动依法治理\r\n				</p>\r\n			</td>\r\n			<td style=\"font-family:微软雅黑;\">\r\n				<p style=\"text-align:justify;\">\r\n					深化“五邻社”组织平台作用，探索运用“契约化”手段链接盘活社区资源，探索共建共治共享机制\r\n				</p>\r\n			</td>\r\n		</tr>\r\n		<tr>\r\n			<td style=\"font-family:微软雅黑;\">\r\n				<p align=\"center\">\r\n					13\r\n				</p>\r\n			</td>\r\n			<td style=\"font-family:微软雅黑;\">\r\n				<p align=\"center\">\r\n					浙江省衢州市\r\n				</p>\r\n			</td>\r\n			<td style=\"font-family:微软雅黑;\">\r\n				<p style=\"text-align:justify;\">\r\n					打造数字化背景下的社区治理和服务新机制\r\n				</p>\r\n			</td>\r\n			<td style=\"font-family:微软雅黑;\">\r\n				<p style=\"text-align:justify;\">\r\n					运用云计算、大数据、移动互联、物联网等新一代信息技术，将社区治理和服务各类信息统一纳入社区治理和服务信息平台，以信息化建设提升社区治理和服务精细化水平\r\n				</p>\r\n			</td>\r\n		</tr>\r\n		<tr>\r\n			<td style=\"font-family:微软雅黑;\">\r\n				<p align=\"center\">\r\n					14\r\n				</p>\r\n			</td>\r\n			<td style=\"font-family:微软雅黑;\">\r\n				<p align=\"center\">\r\n					安徽省合肥市包河区\r\n				</p>\r\n			</td>\r\n			<td style=\"font-family:微软雅黑;\">\r\n				<p style=\"text-align:justify;\">\r\n					推动社区服务“两级网络”建设，构建社区15分钟服务圈\r\n				</p>\r\n			</td>\r\n			<td style=\"font-family:微软雅黑;\">\r\n				<p style=\"text-align:justify;\">\r\n					推动社区服务“两级网络”建设，构建集公共服务、社会服务、便民服务为一体的社区服务网络\r\n				</p>\r\n			</td>\r\n		</tr>\r\n		<tr>\r\n			<td style=\"font-family:微软雅黑;\">\r\n				<p align=\"center\">\r\n					15\r\n				</p>\r\n			</td>\r\n			<td style=\"font-family:微软雅黑;\">\r\n				<p align=\"center\">\r\n					江西省南昌市西湖区\r\n				</p>\r\n			</td>\r\n			<td style=\"font-family:微软雅黑;\">\r\n				<p style=\"text-align:justify;\">\r\n					推进社区分类治理，实现服务精准施策\r\n				</p>\r\n			</td>\r\n			<td style=\"font-family:微软雅黑;\">\r\n				<p style=\"text-align:justify;\">\r\n					根据不同社区类型，探索在社区治理资源配置、社区服务供给、社区居民自治等方面建立有针对性的社区治理机制\r\n				</p>\r\n			</td>\r\n		</tr>\r\n		<tr>\r\n			<td style=\"font-family:微软雅黑;\">\r\n				<p align=\"center\">\r\n					16\r\n				</p>\r\n			</td>\r\n			<td style=\"font-family:微软雅黑;\">\r\n				<p align=\"center\">\r\n					山东省烟台市芝罘区\r\n				</p>\r\n			</td>\r\n			<td style=\"font-family:微软雅黑;\">\r\n				<p style=\"text-align:justify;\">\r\n					推行民需项目服务法，构建服务型社区\r\n				</p>\r\n			</td>\r\n			<td style=\"font-family:微软雅黑;\">\r\n				<p style=\"text-align:justify;\">\r\n					以民需项目为抓手，完善社区组织发现居民需求、统筹设计服务项目、支持社会组织承接、引导专业社会工作团队参与的“三社联动”工作体系\r\n				</p>\r\n			</td>\r\n		</tr>\r\n		<tr>\r\n			<td style=\"font-family:微软雅黑;\">\r\n				<p align=\"center\">\r\n					17\r\n				</p>\r\n			</td>\r\n			<td style=\"font-family:微软雅黑;\">\r\n				<p align=\"center\">\r\n					山东省滨州市滨城区\r\n				</p>\r\n			</td>\r\n			<td style=\"font-family:微软雅黑;\">\r\n				<p style=\"text-align:justify;\">\r\n					实施“五级双向工作法”，实现棚改地区居民诉求在社区的协调达成\r\n				</p>\r\n			</td>\r\n			<td style=\"font-family:微软雅黑;\">\r\n				<p style=\"text-align:justify;\">\r\n					通过“五级”双向互动，实现棚改前政策规划引导到位，棚改中矛盾纠纷诉求有效解决，棚改后社区治理和服务有效运行\r\n				</p>\r\n			</td>\r\n		</tr>\r\n		<tr>\r\n			<td style=\"font-family:微软雅黑;\">\r\n				<p align=\"center\">\r\n					18\r\n				</p>\r\n			</td>\r\n			<td style=\"font-family:微软雅黑;\">\r\n				<p align=\"center\">\r\n					河南省许昌市魏都区\r\n				</p>\r\n			</td>\r\n			<td style=\"font-family:微软雅黑;\">\r\n				<p style=\"text-align:justify;\">\r\n					实施公约行动，探索居民公约治理机制\r\n				</p>\r\n			</td>\r\n			<td style=\"font-family:微软雅黑;\">\r\n				<p style=\"text-align:justify;\">\r\n					充分发挥居民公约在社区治理中的积极作用，实现自治、法治、德治“三治融合”\r\n				</p>\r\n			</td>\r\n		</tr>\r\n		<tr>\r\n			<td style=\"font-family:微软雅黑;\">\r\n				<p align=\"center\">\r\n					19\r\n				</p>\r\n			</td>\r\n			<td style=\"font-family:微软雅黑;\">\r\n				<p align=\"center\">\r\n					湖北省武汉市江岸区\r\n				</p>\r\n			</td>\r\n			<td style=\"font-family:微软雅黑;\">\r\n				<p style=\"text-align:justify;\">\r\n					盘活社区本地资源，创新社区治理机制\r\n				</p>\r\n			</td>\r\n			<td style=\"font-family:微软雅黑;\">\r\n				<p style=\"text-align:justify;\">\r\n					探索建立内生式社区治理社会化机制，盘活社区本地资源，构建人人参与、人人尽力、人人共享的社区治理格局\r\n				</p>\r\n			</td>\r\n		</tr>\r\n		<tr>\r\n			<td style=\"font-family:微软雅黑;\">\r\n				<p align=\"center\">\r\n					20\r\n				</p>\r\n			</td>\r\n			<td style=\"font-family:微软雅黑;\">\r\n				<p align=\"center\">\r\n					湖北省宜都市\r\n				</p>\r\n			</td>\r\n			<td style=\"font-family:微软雅黑;\">\r\n				<p style=\"text-align:justify;\">\r\n					促进社区居民自治与网格化服务管理有效衔接\r\n				</p>\r\n			</td>\r\n			<td style=\"font-family:微软雅黑;\">\r\n				<p style=\"text-align:justify;\">\r\n					通过整合社区治理单元、人员、组织、职责、资源等，探索社区居民自治与网格化服务管理有效衔接和良性互动的社区治理机制\r\n				</p>\r\n			</td>\r\n		</tr>\r\n		<tr>\r\n			<td style=\"font-family:微软雅黑;\">\r\n				<p align=\"center\">\r\n					21\r\n				</p>\r\n			</td>\r\n			<td style=\"font-family:微软雅黑;\">\r\n				<p align=\"center\">\r\n					湖北省咸宁市\r\n				</p>\r\n			</td>\r\n			<td style=\"font-family:微软雅黑;\">\r\n				<p style=\"text-align:justify;\">\r\n					探索建立以市带县的城市社区治理推进机制\r\n				</p>\r\n			</td>\r\n			<td style=\"font-family:微软雅黑;\">\r\n				<p style=\"text-align:justify;\">\r\n					探索建立市级党委政府在全域统筹、政策制定、制度建设、平台打造和服务监管等方面的领导统筹推进机制，提升城市社区治理整体水平\r\n				</p>\r\n			</td>\r\n		</tr>\r\n		<tr>\r\n			<td style=\"font-family:微软雅黑;\">\r\n				<p align=\"center\">\r\n					22\r\n				</p>\r\n			</td>\r\n			<td style=\"font-family:微软雅黑;\">\r\n				<p align=\"center\">\r\n					湖南省长沙市天心区\r\n				</p>\r\n			</td>\r\n			<td style=\"font-family:微软雅黑;\">\r\n				<p style=\"text-align:justify;\">\r\n					打造社区15分钟生活服务圈\r\n				</p>\r\n			</td>\r\n			<td style=\"font-family:微软雅黑;\">\r\n				<p style=\"text-align:justify;\">\r\n					以居民需求为导向，以社区规划为引领，以机制创新为支撑，实现服务网络全覆盖、服务居民全方位、服务阵地全开放\r\n				</p>\r\n			</td>\r\n		</tr>\r\n		<tr>\r\n			<td style=\"font-family:微软雅黑;\">\r\n				<p align=\"center\">\r\n					23\r\n				</p>\r\n			</td>\r\n			<td style=\"font-family:微软雅黑;\">\r\n				<p align=\"center\">\r\n					湖南省株洲市天元区\r\n				</p>\r\n			</td>\r\n			<td style=\"font-family:微软雅黑;\">\r\n				<p style=\"text-align:justify;\">\r\n					党建领航·“三社联动”\r\n				</p>\r\n			</td>\r\n			<td style=\"font-family:微软雅黑;\">\r\n				<p style=\"text-align:justify;\">\r\n					探索区域化党建引领“三社联动”工作机制，完善项目化助推“三社联动”制度体系\r\n				</p>\r\n			</td>\r\n		</tr>\r\n		<tr>\r\n			<td style=\"font-family:微软雅黑;\">\r\n				<p align=\"center\">\r\n					24\r\n				</p>\r\n			</td>\r\n			<td style=\"font-family:微软雅黑;\">\r\n				<p align=\"center\">\r\n					广东省佛山市禅城区\r\n				</p>\r\n			</td>\r\n			<td style=\"font-family:微软雅黑;\">\r\n				<p style=\"text-align:justify;\">\r\n					打造社区微服务综合体系，提升社区治理和服务水平\r\n				</p>\r\n			</td>\r\n			<td style=\"font-family:微软雅黑;\">\r\n				<p style=\"text-align:justify;\">\r\n					以信息化技术为支撑，建设覆盖区、街道、社区三级的社区微服务综合体系，实现宏观群体资源与微观个体需求精准对接\r\n				</p>\r\n			</td>\r\n		</tr>\r\n		<tr>\r\n			<td style=\"font-family:微软雅黑;\">\r\n				<p align=\"center\">\r\n					25\r\n				</p>\r\n			</td>\r\n			<td style=\"font-family:微软雅黑;\">\r\n				<p align=\"center\">\r\n					重庆市江北区\r\n				</p>\r\n			</td>\r\n			<td style=\"font-family:微软雅黑;\">\r\n				<p style=\"text-align:justify;\">\r\n					构建“三社+N”联动体系，增强社区治理和服务“六个能力”\r\n				</p>\r\n			</td>\r\n			<td style=\"font-family:微软雅黑;\">\r\n				<p style=\"text-align:justify;\">\r\n					探索建立以社区为平台、社会组织为载体、社会工作为支撑，多方力量积极参与、深度融合的“三社+N”联动体系，实现社区治理和服务“六个能力”提升\r\n				</p>\r\n			</td>\r\n		</tr>\r\n		<tr>\r\n			<td style=\"font-family:微软雅黑;\">\r\n				<p align=\"center\">\r\n					26\r\n				</p>\r\n			</td>\r\n			<td style=\"font-family:微软雅黑;\">\r\n				<p align=\"center\">\r\n					四川省成都市金牛区\r\n				</p>\r\n			</td>\r\n			<td style=\"font-family:微软雅黑;\">\r\n				<p style=\"text-align:justify;\">\r\n					探索建立党建引领的社区提案工作机制\r\n				</p>\r\n			</td>\r\n			<td style=\"font-family:微软雅黑;\">\r\n				<p style=\"text-align:justify;\">\r\n					探索建立党领导下的社区提案收集、分拣、审议、公开、落实、评估机制，构建多方参与、共同治理的社区治理体系\r\n				</p>\r\n			</td>\r\n		</tr>\r\n		<tr>\r\n			<td style=\"font-family:微软雅黑;\">\r\n				<p align=\"center\">\r\n					27\r\n				</p>\r\n			</td>\r\n			<td style=\"font-family:微软雅黑;\">\r\n				<p align=\"center\">\r\n					四川省成都市新都区\r\n				</p>\r\n			</td>\r\n			<td style=\"font-family:微软雅黑;\">\r\n				<p style=\"text-align:justify;\">\r\n					创新党领导的社区多方协商共治机制\r\n				</p>\r\n			</td>\r\n			<td style=\"font-family:微软雅黑;\">\r\n				<p style=\"text-align:justify;\">\r\n					探索建立积分激励、指数监测、信息化支撑、智库支持等工作机制，有效提升社区协商工作水平\r\n				</p>\r\n			</td>\r\n		</tr>\r\n		<tr>\r\n			<td style=\"font-family:微软雅黑;\">\r\n				<p align=\"center\">\r\n					28\r\n				</p>\r\n			</td>\r\n			<td style=\"font-family:微软雅黑;\">\r\n				<p align=\"center\">\r\n					四川省邛崃市\r\n				</p>\r\n			</td>\r\n			<td style=\"font-family:微软雅黑;\">\r\n				<p style=\"text-align:justify;\">\r\n					建立驻社区机关企事业单位履行社区治理责任评价体系\r\n				</p>\r\n			</td>\r\n			<td style=\"font-family:微软雅黑;\">\r\n				<p style=\"text-align:justify;\">\r\n					探索建立驻社区机关企事业单位履行社区治理责任清单、考核评价、结果运用机制，构建共建共治共享社区治理格局\r\n				</p>\r\n			</td>\r\n		</tr>\r\n		<tr>\r\n			<td style=\"font-family:微软雅黑;\">\r\n				<p align=\"center\">\r\n					29\r\n				</p>\r\n			</td>\r\n			<td style=\"font-family:微软雅黑;\">\r\n				<p align=\"center\">\r\n					陕西省西安市莲湖区\r\n				</p>\r\n			</td>\r\n			<td style=\"font-family:微软雅黑;\">\r\n				<p style=\"text-align:justify;\">\r\n					实施清单准入制度，推进社区减负增效\r\n				</p>\r\n			</td>\r\n			<td style=\"font-family:微软雅黑;\">\r\n				<p style=\"text-align:justify;\">\r\n					完善社区工作事项“三个清单”，全面探索实行社区工作事项准入机制，推进社区减负增效，提升社区治理和服务水平\r\n				</p>\r\n			</td>\r\n		</tr>\r\n		<tr>\r\n			<td style=\"font-family:微软雅黑;\">\r\n				<p align=\"center\">\r\n					30\r\n				</p>\r\n			</td>\r\n			<td style=\"font-family:微软雅黑;\">\r\n				<p align=\"center\">\r\n					陕西省榆林市榆阳区\r\n				</p>\r\n			</td>\r\n			<td style=\"font-family:微软雅黑;\">\r\n				<p style=\"text-align:justify;\">\r\n					促进社区居民自治与网格化服务管理有效衔接\r\n				</p>\r\n			</td>\r\n			<td style=\"font-family:微软雅黑;\">\r\n				<p style=\"text-align:justify;\">\r\n					从设置优化、功能互补、体系融合、人员整合、资源下沉等方面，探索实现社区居民自治与网格化服务管理有效衔接\r\n				</p>\r\n			</td>\r\n		</tr>\r\n		<tr>\r\n			<td style=\"font-family:微软雅黑;\">\r\n				<p align=\"center\">\r\n					31\r\n				</p>\r\n			</td>\r\n			<td style=\"font-family:微软雅黑;\">\r\n				<p align=\"center\">\r\n					甘肃省酒泉市肃州区\r\n				</p>\r\n			</td>\r\n			<td style=\"font-family:微软雅黑;\">\r\n				<p style=\"text-align:justify;\">\r\n					探索完善欠发达地区“三社联动”工作体系\r\n				</p>\r\n			</td>\r\n			<td style=\"font-family:微软雅黑;\">\r\n				<p style=\"text-align:justify;\">\r\n					完善“三大平台”，创新“五大机制”，探索欠发达地区通过“三社联动”提升社区治理和服务水平新路径\r\n				</p>\r\n			</td>\r\n		</tr>\r\n	</tbody>\r\n</table>', null, '0', '2019-04-15 17:44:44', '1', '2019-04-21 21:18:50', '1', null, null, '1', '2019-04-15 18:05:50', '3', null);
INSERT INTO `section_info` VALUES ('3', '4', '1', 'national', '2019-04-15 18:01:52', null, '2', null, '民政部关于取缔“中非经济贸易促进会”的公告', '民政部关于取缔“中非经济贸易促进会”的公告', '<p style=\"font-family:微软雅黑;color:#333333;font-size:16px;background-color:#FFFFFF;\">\r\n	      经查，“中非经济贸易促进会”未经登记，擅自以社会团体名义进行活动。依据《社会团体登记管理条例》第三十二条的规定，本机关决定对“中非经济贸易促进会”及其设立的“海峡两岸产业经济合作委员会”等相关机构予以取缔。\r\n</p>\r\n<p style=\"font-family:微软雅黑;color:#333333;font-size:16px;background-color:#FFFFFF;\">\r\n	  特此公告。       \r\n</p>\r\n<p style=\"font-family:微软雅黑;color:#333333;font-size:16px;background-color:#FFFFFF;text-align:right;\">\r\n	  民政部\r\n</p>\r\n<p style=\"font-family:微软雅黑;color:#333333;font-size:16px;background-color:#FFFFFF;text-align:right;\">\r\n	  2019年1月21日\r\n</p>', null, '0', '2019-04-15 18:01:52', '1', '2019-04-21 21:15:30', '1', null, null, '1', '2019-04-15 18:05:50', '3', '通过');
INSERT INTO `section_info` VALUES ('4', '5', null, null, '2019-04-18 23:28:01', '1', null, '', '1', '任务分配监督', '2223123', null, '0', '2019-04-18 23:28:01', '1', null, null, null, null, null, null, null, null);
INSERT INTO `section_info` VALUES ('5', '12', null, null, '2019-04-18 23:32:44', '1', null, '', '高峰论坛开幕日，习主席这四个现场最值得记取', '高峰论坛开幕日，习主席这四个现场最值得记取', '<div class=\"pgc-img\" style=\"text-align:center;margin:0px;padding:0px;color:#222222;font-family:&quot;font-size:16px;background-color:#FFFFFF;\">\r\n	<img src=\"http://p1.pstatp.com/large/pgc-image/c353747fbff44deab6be992a2a79f164\" alt=\"时政新闻眼丨高峰论坛开幕日，习主席这四个现场最值得记取\" />\r\n</div>\r\n<p style=\"text-align:center;color:#222222;font-family:&quot;font-size:16px;background-color:#FFFFFF;\">\r\n	4月26日是第二届“一带一路”国际合作高峰论坛开幕日。习近平主席先后转场国家会议中心、友谊宾馆、人民大会堂这三个地方，出席了多场外事活动。《时政新闻眼》全程亲历下来，总结了这一天当中的四个“最”：最令人瞩目的活动是习主席在开幕式上发表主旨演讲；最特殊的安排是见证了给中国人民的一位好朋友、老朋友颁发一张特别的证书；最打动人的话语是习主席与几位领导人“一对一”会谈时的坦诚交流和真挚感言；最震撼的感受是当晚的人民大会堂宴会厅高朋满座、胜友如云。\r\n</p>\r\n<div class=\"tt-video-box\" style=\"margin:0px auto;padding:0px;color:#222222;font-family:&quot;font-size:16px;background-color:#000000;\">\r\n</div>\r\n<p style=\"text-align:center;color:#222222;font-family:&quot;font-size:16px;background-color:#FFFFFF;\">\r\n	△习近平出席第二届“一带一路”国际合作高峰论坛开幕式并发表主旨演讲\r\n</p>\r\n<p style=\"text-align:center;color:#222222;font-family:&quot;font-size:16px;background-color:#FFFFFF;\">\r\n	最瞩目：开幕式主旨演讲，习近平宣布了这些重大举措\r\n</p>\r\n<p style=\"text-align:center;color:#222222;font-family:&quot;font-size:16px;background-color:#FFFFFF;\">\r\n	第二届“一带一路”国际合作高峰论坛开幕式的地点与首届一样，定在了北京北四环外的国家会议中心。\r\n</p>\r\n<p class=\"ql-align-center\" style=\"text-align:center;color:#222222;font-family:&quot;font-size:16px;background-color:#FFFFFF;\">\r\n	<br />\r\n</p>\r\n<div class=\"pgc-img\" style=\"text-align:center;margin:0px;padding:0px;color:#222222;font-family:&quot;font-size:16px;background-color:#FFFFFF;\">\r\n	<img src=\"http://p1.pstatp.com/large/pgc-image/288a73699da04b7ebbe6614026d51605\" alt=\"时政新闻眼丨高峰论坛开幕日，习主席这四个现场最值得记取\" />\r\n</div>\r\n<p style=\"text-align:center;color:#222222;font-family:&quot;font-size:16px;background-color:#FFFFFF;\">\r\n	△国家会议中心由2008年北京奥运会击剑比赛场馆改造而成。在建造之初就是按照绿色环保的理念设计施工的，而绿色正是“一带一路”的底色。（央视记者王志明拍摄）\r\n</p>\r\n<p class=\"ql-align-center\" style=\"text-align:center;color:#222222;font-family:&quot;font-size:16px;background-color:#FFFFFF;\">\r\n	<br />\r\n</p>\r\n<div class=\"pgc-img\" style=\"text-align:center;margin:0px;padding:0px;color:#222222;font-family:&quot;font-size:16px;background-color:#FFFFFF;\">\r\n	<img src=\"http://p3.pstatp.com/large/pgc-image/fc73fa9c3ae84f5bab3e597df829df7c\" alt=\"时政新闻眼丨高峰论坛开幕日，习主席这四个现场最值得记取\" />\r\n</div>\r\n<p style=\"text-align:center;color:#222222;font-family:&quot;font-size:16px;background-color:#FFFFFF;\">\r\n	△中央广播电视总台的高清转播车已在会展中心外驻扎多日。（央视记者王志明拍摄）\r\n</p>\r\n<p class=\"ql-align-center\" style=\"text-align:center;color:#222222;font-family:&quot;font-size:16px;background-color:#FFFFFF;\">\r\n	<br />\r\n</p>\r\n<div class=\"pgc-img\" style=\"text-align:center;margin:0px;padding:0px;color:#222222;font-family:&quot;font-size:16px;background-color:#FFFFFF;\">\r\n	<img src=\"http://p1.pstatp.com/large/pgc-image/bfecb356d3e74f00a0f0d0178aae1a64\" alt=\"时政新闻眼丨高峰论坛开幕日，习主席这四个现场最值得记取\" />\r\n</div>\r\n<p style=\"text-align:center;color:#222222;font-family:&quot;font-size:16px;background-color:#FFFFFF;\">\r\n	△转播车内紧张有序。对高峰论坛开幕式的直播即将开始。（央视记者张淳拍摄）\r\n</p>\r\n<p class=\"ql-align-center\" style=\"text-align:center;color:#222222;font-family:&quot;font-size:16px;background-color:#FFFFFF;\">\r\n	<br />\r\n</p>\r\n<div class=\"pgc-img\" style=\"text-align:center;margin:0px;padding:0px;color:#222222;font-family:&quot;font-size:16px;background-color:#FFFFFF;\">\r\n	<img src=\"http://p1.pstatp.com/large/pgc-image/59d1aa4f279d4fdfa8f7e35346c70633\" alt=\"时政新闻眼丨高峰论坛开幕日，习主席这四个现场最值得记取\" />\r\n</div>\r\n<p style=\"text-align:center;color:#222222;font-family:&quot;font-size:16px;background-color:#FFFFFF;\">\r\n	△开幕式在国家会议中心四层的6400平方米大会议厅举行。（央视记者石伟明拍摄）\r\n</p>\r\n<p class=\"ql-align-center\" style=\"text-align:center;color:#222222;font-family:&quot;font-size:16px;background-color:#FFFFFF;\">\r\n	<br />\r\n</p>\r\n<div class=\"pgc-img\" style=\"text-align:center;margin:0px;padding:0px;color:#222222;font-family:&quot;font-size:16px;background-color:#FFFFFF;\">\r\n	<img src=\"http://p3.pstatp.com/large/pgc-image/4b0c01fed2814df58b82fb0a247b73d0\" alt=\"时政新闻眼丨高峰论坛开幕日，习主席这四个现场最值得记取\" />\r\n</div>\r\n<p style=\"text-align:center;color:#222222;font-family:&quot;font-size:16px;background-color:#FFFFFF;\">\r\n	△来自150多个国家和90多个国际组织近5000名外宾出席本届高峰论坛。（央视记者石伟明拍摄）\r\n</p>\r\n<p style=\"text-align:center;color:#222222;font-family:&quot;font-size:16px;background-color:#FFFFFF;\">\r\n	26日上午9时35分左右，习近平和出席开幕式的外方领导人共同步入会场。\r\n</p>\r\n<p class=\"ql-align-center\" style=\"text-align:center;color:#222222;font-family:&quot;font-size:16px;background-color:#FFFFFF;\">\r\n	<br />\r\n</p>\r\n<div class=\"pgc-img\" style=\"text-align:center;margin:0px;padding:0px;color:#222222;font-family:&quot;font-size:16px;background-color:#FFFFFF;\">\r\n	<img src=\"http://p1.pstatp.com/large/pgc-image/307c460a2c7e4bb7bc291477430762d0\" alt=\"时政新闻眼丨高峰论坛开幕日，习主席这四个现场最值得记取\" />\r\n</div>\r\n<p style=\"text-align:center;color:#222222;font-family:&quot;font-size:16px;background-color:#FFFFFF;\">\r\n	△这是习近平即将发表主旨演讲的讲台。（央视记者石伟明拍摄）\r\n</p>\r\n<p class=\"ql-align-center\" style=\"text-align:center;color:#222222;font-family:&quot;font-size:16px;background-color:#FFFFFF;\">\r\n	<br />\r\n</p>\r\n<div class=\"pgc-img\" style=\"text-align:center;margin:0px;padding:0px;color:#222222;font-family:&quot;font-size:16px;background-color:#FFFFFF;\">\r\n	<img src=\"http://p1.pstatp.com/large/pgc-image/273f74f803a443389806034161e038fb\" alt=\"时政新闻眼丨高峰论坛开幕日，习主席这四个现场最值得记取\" />\r\n</div>\r\n<p style=\"text-align:center;color:#222222;font-family:&quot;font-size:16px;background-color:#FFFFFF;\">\r\n	△工作人员正在布置出席开幕式领导人的座位。（央视记者史伟拍摄）\r\n</p>\r\n<p class=\"ql-align-center\" style=\"text-align:center;color:#222222;font-family:&quot;font-size:16px;background-color:#FFFFFF;\">\r\n	<br />\r\n</p>\r\n<div class=\"pgc-img\" style=\"text-align:center;margin:0px;padding:0px;color:#222222;font-family:&quot;font-size:16px;background-color:#FFFFFF;\">\r\n	<img src=\"http://p1.pstatp.com/large/pgc-image/0b9601a019f44d349a9b6b0824a6e9bf\" alt=\"时政新闻眼丨高峰论坛开幕日，习主席这四个现场最值得记取\" />\r\n</div>\r\n<p style=\"text-align:center;color:#222222;font-family:&quot;font-size:16px;background-color:#FFFFFF;\">\r\n	△中央广播电视总台记者康辉正在准备连线报道。（央视记者拍摄）\r\n</p>\r\n<p style=\"text-align:center;color:#222222;font-family:&quot;font-size:16px;background-color:#FFFFFF;\">\r\n	在开幕式主旨演讲中，习近平主席再次强调，共同绘制精谨细腻的“工笔画”，推动共建“一带一路”沿着高质量发展方向不断前进。如何画好“工笔画”？他提出了三个“要”：要秉持共商、共建、共享原则，要坚持开放、绿色、廉洁理念，要努力实现高标准、惠民生、可持续目标。他提到，“坚持一切合作都在阳光下运作”，“确保商业和财政上的可持续性”，这些话有着很强的针对性。\r\n</p>\r\n<p class=\"ql-align-center\" style=\"text-align:center;color:#222222;font-family:&quot;font-size:16px;background-color:#FFFFFF;\">\r\n	<br />\r\n</p>\r\n<div class=\"pgc-img\" style=\"text-align:center;margin:0px;padding:0px;color:#222222;font-family:&quot;font-size:16px;background-color:#FFFFFF;\">\r\n	<img src=\"http://p1.pstatp.com/large/pgc-image/ed8dd3458ee547758f6665d0ed5a2215\" alt=\"时政新闻眼丨高峰论坛开幕日，习主席这四个现场最值得记取\" />\r\n</div>\r\n<p style=\"text-align:center;color:#222222;font-family:&quot;font-size:16px;background-color:#FFFFFF;\">\r\n	△这是开幕式配备的同传耳机，为现场嘉宾提供20种语言的同传服务。（央视记者钟锋拍摄）\r\n</p>\r\n<p style=\"text-align:center;color:#222222;font-family:&quot;font-size:16px;background-color:#FFFFFF;\">\r\n	最令外界关注的是，习近平在演讲中宣布，中国将采取一系列重大改革开放举措，主要有五条：更广领域扩大外资市场准入，更大力度加强知识产权保护国际合作，更大规模增加商品和服务进口，更加有效实施国际宏观经济政策协调，更加重视对外开放政策贯彻落实。\r\n</p>\r\n<p style=\"text-align:center;color:#222222;font-family:&quot;font-size:16px;background-color:#FFFFFF;\">\r\n	一年之前，习近平曾在海南博鳌宣布，在扩大开放方面中国将采取一系列重大举措。《时政新闻眼》对比发现，两次宣布时都把市场准入问题摆在了第一位，这一次把加强知识产权保护提到了更重要的位置，并且格外强调要抓政策落实。还有一点习主席说得很明确：“中国扩大开放的举措，是根据中国改革发展客观需要作出的自主选择。”\r\n</p>\r\n<p style=\"text-align:center;color:#222222;font-family:&quot;font-size:16px;background-color:#FFFFFF;\">\r\n	<span style=\"font-weight:700;\">最特别：好朋友+老朋友+新校友</span>\r\n</p>\r\n<p style=\"text-align:center;color:#222222;font-family:&quot;font-size:16px;background-color:#FFFFFF;\">\r\n	中午时分，习近平和俄罗斯总统普京在高峰论坛开幕式结束后，一起来到北京友谊宾馆。\r\n</p>\r\n<p class=\"ql-align-center\" style=\"text-align:center;color:#222222;font-family:&quot;font-size:16px;background-color:#FFFFFF;\">\r\n	<br />\r\n</p>\r\n<div class=\"pgc-img\" style=\"text-align:center;margin:0px;padding:0px;color:#222222;font-family:&quot;font-size:16px;background-color:#FFFFFF;\">\r\n	<img src=\"http://p3.pstatp.com/large/pgc-image/aeba2ddee8a740e1ad3f2051e7cb9535\" alt=\"时政新闻眼丨高峰论坛开幕日，习主席这四个现场最值得记取\" />\r\n</div>\r\n<p style=\"text-align:center;color:#222222;font-family:&quot;font-size:16px;background-color:#FFFFFF;\">\r\n	△友谊宾馆建于1954年9月，前身是国务院西郊招待所，曾经主要用于接待在京的苏联专家。今年两会期间，习近平在友谊宾馆友谊宫参加了全国政协文艺、社科界委员的联组会。（央视记者张晓鹏拍摄）\r\n</p>\r\n<p style=\"text-align:center;color:#222222;font-family:&quot;font-size:16px;background-color:#FFFFFF;\">\r\n	清华大学在这里为普京举行了隆重的仪式，授予他名誉博士学位。\r\n</p>\r\n<p class=\"ql-align-center\" style=\"text-align:center;color:#222222;font-family:&quot;font-size:16px;background-color:#FFFFFF;\">\r\n	<br />\r\n</p>\r\n<div class=\"pgc-img\" style=\"text-align:center;margin:0px;padding:0px;color:#222222;font-family:&quot;font-size:16px;background-color:#FFFFFF;\">\r\n	<img src=\"http://p9.pstatp.com/large/pgc-image/5909f145c66c419c98248185dde963d6\" alt=\"时政新闻眼丨高峰论坛开幕日，习主席这四个现场最值得记取\" />\r\n</div>\r\n<p style=\"text-align:center;color:#222222;font-family:&quot;font-size:16px;background-color:#FFFFFF;\">\r\n	△上午十点多，清华大学的师生和工作人员正在为颁授仪式做最后的演练。（央视记者张晓鹏拍摄）\r\n</p>\r\n<p class=\"ql-align-center\" style=\"text-align:center;color:#222222;font-family:&quot;font-size:16px;background-color:#FFFFFF;\">\r\n	<br />\r\n</p>\r\n<div class=\"pgc-img\" style=\"text-align:center;margin:0px;padding:0px;color:#222222;font-family:&quot;font-size:16px;background-color:#FFFFFF;\">\r\n	<img src=\"http://p3.pstatp.com/large/pgc-image/fc5c1ae202334d8fb0289cc4ec614a3b\" alt=\"时政新闻眼丨高峰论坛开幕日，习主席这四个现场最值得记取\" />\r\n</div>\r\n<p style=\"text-align:center;color:#222222;font-family:&quot;font-size:16px;background-color:#FFFFFF;\">\r\n	△举行学位颁授仪式的友谊宫聚英厅。数百名清华大学师生代表到场见证。（央视记者荆伟拍摄）\r\n</p>\r\n<p style=\"text-align:center;color:#222222;font-family:&quot;font-size:16px;background-color:#FFFFFF;\">\r\n	在习近平主席见证下，清华大学校长邱勇向普京总统颁发了名誉博士证书。普京在接受证书时说：清华大学是举世闻名的大学，也是习近平主席的母校，培养了很多优秀人才。今天，在我的好朋友习近平主席见证下，清华大学向我授予名誉博士学位并举行隆重仪式，我感到很荣幸，也深受感动。\r\n</p>\r\n<p class=\"ql-align-center\" style=\"text-align:center;color:#222222;font-family:&quot;font-size:16px;background-color:#FFFFFF;\">\r\n	<br />\r\n</p>\r\n<div class=\"pgc-img\" style=\"text-align:center;margin:0px;padding:0px;color:#222222;font-family:&quot;font-size:16px;background-color:#FFFFFF;\">\r\n	<img src=\"http://p1.pstatp.com/large/pgc-image/382c1acb3a4a417f8f7dab072a775324\" alt=\"时政新闻眼丨高峰论坛开幕日，习主席这四个现场最值得记取\" />\r\n</div>\r\n<p style=\"text-align:center;color:#222222;font-family:&quot;font-size:16px;background-color:#FFFFFF;\">\r\n	△清华大学校长邱勇将证书递交给普京，两人握手合影。（清华大学官网图片）\r\n</p>\r\n<p style=\"text-align:center;color:#222222;font-family:&quot;font-size:16px;background-color:#FFFFFF;\">\r\n	习近平在致辞中说，普京总统是中国人民的好朋友、老朋友，为深化中俄政治互信、推动两国各领域合作作出了历史性贡献。今天，能够见证清华大学向普京总统授予博士学位，我感到格外高兴。\r\n</p>\r\n<p class=\"ql-align-center\" style=\"text-align:center;color:#222222;font-family:&quot;font-size:16px;background-color:#FFFFFF;\">\r\n	<br />\r\n</p>\r\n<div class=\"pgc-img\" style=\"text-align:center;margin:0px;padding:0px;color:#222222;font-family:&quot;font-size:16px;background-color:#FFFFFF;\">\r\n	<img src=\"http://p3.pstatp.com/large/pgc-image/db449dba365143f2b3837429d4597125\" alt=\"时政新闻眼丨高峰论坛开幕日，习主席这四个现场最值得记取\" />\r\n</div>\r\n<p class=\"ql-align-center\" style=\"text-align:center;color:#222222;font-family:&quot;font-size:16px;background-color:#FFFFFF;\">\r\n	<br />\r\n</p>\r\n<div class=\"pgc-img\" style=\"text-align:center;margin:0px;padding:0px;color:#222222;font-family:&quot;font-size:16px;background-color:#FFFFFF;\">\r\n	<img src=\"http://p3.pstatp.com/large/pgc-image/f98b339fbbb6492ebf351449f3ead4f3\" alt=\"时政新闻眼丨高峰论坛开幕日，习主席这四个现场最值得记取\" />\r\n</div>\r\n<p style=\"text-align:center;color:#222222;font-family:&quot;font-size:16px;background-color:#FFFFFF;\">\r\n	△这是普京“博士”的学位证书。（央视记者张晓鹏拍摄）\r\n</p>\r\n<p style=\"text-align:center;color:#222222;font-family:&quot;font-size:16px;background-color:#FFFFFF;\">\r\n	什么样的政治家能够授予名誉博士学位呢？《时政新闻眼》查阅了《关于授予境外人士名誉博士学位暂行规定》。这一规定明确，“同时具备下列条件的政治家，可以授予名誉博士学位：（一）在维护世界和平与促进人类进步事业方面做出重要贡献；（二）在增进我国对外友好合作、扩大我国国际影响方面做出了长期、突出的贡献。”\r\n</p>\r\n<p style=\"text-align:center;color:#222222;font-family:&quot;font-size:16px;background-color:#FFFFFF;\">\r\n	普京“博士”，的确是实至名归。去年6月8日，普京获得了中华人民共和国首枚“友谊勋章”。现场宣读的《国家主席授勋令》指出，授此勋章是为了“表彰普京总统长期致力于推动中俄睦邻友好和全面战略协作伙伴关系发展以及为此作出的重要贡献”。\r\n</p>\r\n<p class=\"ql-align-center\" style=\"text-align:center;color:#222222;font-family:&quot;font-size:16px;background-color:#FFFFFF;\">\r\n	<br />\r\n</p>\r\n<div class=\"pgc-img\" style=\"text-align:center;margin:0px;padding:0px;color:#222222;font-family:&quot;font-size:16px;background-color:#FFFFFF;\">\r\n	<img src=\"http://p1.pstatp.com/large/pgc-image/f3bf7e09530a4a119e7954b1eb2b8b3b\" alt=\"时政新闻眼丨高峰论坛开幕日，习主席这四个现场最值得记取\" />\r\n</div>\r\n<p style=\"text-align:center;color:#222222;font-family:&quot;font-size:16px;background-color:#FFFFFF;\">\r\n	△这是2010年南京大学授予联合国前任秘书长潘基文名誉博士学位。（资料图片）\r\n</p>\r\n<p class=\"ql-align-center\" style=\"text-align:center;color:#222222;font-family:&quot;font-size:16px;background-color:#FFFFFF;\">\r\n	<br />\r\n</p>\r\n<div class=\"pgc-img\" style=\"text-align:center;margin:0px;padding:0px;color:#222222;font-family:&quot;font-size:16px;background-color:#FFFFFF;\">\r\n	<img src=\"http://p1.pstatp.com/large/pgc-image/2a21e47c6f0b4f2681a08aa46cc17b9e\" alt=\"时政新闻眼丨高峰论坛开幕日，习主席这四个现场最值得记取\" />\r\n</div>\r\n<p style=\"text-align:center;color:#222222;font-family:&quot;font-size:16px;background-color:#FFFFFF;\">\r\n	△这是2017年中国人民大学授予巴拿马总统巴雷拉名誉博士学位。（资料图片）\r\n</p>\r\n<p style=\"text-align:center;color:#222222;font-family:&quot;font-size:16px;background-color:#FFFFFF;\">\r\n	仪式结束后，两国元首来到友谊宫聚贤厅举行双边会谈。\r\n</p>\r\n<p class=\"ql-align-center\" style=\"text-align:center;color:#222222;font-family:&quot;font-size:16px;background-color:#FFFFFF;\">\r\n	<br />\r\n</p>\r\n<div class=\"pgc-img\" style=\"text-align:center;margin:0px;padding:0px;color:#222222;font-family:&quot;font-size:16px;background-color:#FFFFFF;\">\r\n	<img src=\"http://p1.pstatp.com/large/pgc-image/ebf898d7ed084c0490d57f6965cee6bf\" alt=\"时政新闻眼丨高峰论坛开幕日，习主席这四个现场最值得记取\" />\r\n</div>\r\n<p style=\"text-align:center;color:#222222;font-family:&quot;font-size:16px;background-color:#FFFFFF;\">\r\n	△这是聚贤厅。（央视记者张晓鹏拍摄）\r\n</p>\r\n<p style=\"text-align:center;color:#222222;font-family:&quot;font-size:16px;background-color:#FFFFFF;\">\r\n	习近平在会谈中对普京说，今年是中华人民共和国成立70周年，也是中俄建交70周年。他用了三个“最”字来描述中俄关系：互信程度最高、协作水平最高、战略价值最高的一对大国关系。\r\n</p>\r\n<p style=\"text-align:center;color:#222222;font-family:&quot;font-size:16px;background-color:#FFFFFF;\">\r\n	普京说，习近平主席提出的“一带一路”倡议为拓展国际合作搭建了重要平台，树立了成功范例，得到国际社会越来越广泛的支持。他说，“有这么多国家领导人和代表出席本届论坛就证明了这一点。”\r\n</p>\r\n<p style=\"text-align:center;color:#222222;font-family:&quot;font-size:16px;background-color:#FFFFFF;\">\r\n	在会谈中，两国元首还就朝鲜半岛局势等问题交换了看法。要知道，就在此前一天，普京总统在来华之前与朝鲜领导人金正恩刚刚举行了一场举世瞩目的会谈。\r\n</p>\r\n<p style=\"text-align:center;color:#222222;font-family:&quot;font-size:16px;background-color:#FFFFFF;\">\r\n	<span style=\"font-weight:700;\">最动人：中国人民不仅要自己过上好日子，还追求天下大同</span>\r\n</p>\r\n<p style=\"text-align:center;color:#222222;font-family:&quot;font-size:16px;background-color:#FFFFFF;\">\r\n	当天下午，习近平在人民大会堂密集会见了四位前来参加第二届“一带一路”国际合作高峰论坛的外方领导人。上午习主席的主旨演讲可以说是余音绕梁，领导人们还在回味感悟之中。\r\n</p>\r\n<p style=\"text-align:center;color:#222222;font-family:&quot;font-size:16px;background-color:#FFFFFF;\">\r\n	文莱苏丹哈桑纳尔说，习主席今天上午的主旨演讲为亚太地区和世界的发展指明了方向。\r\n</p>\r\n<p style=\"text-align:center;color:#222222;font-family:&quot;font-size:16px;background-color:#FFFFFF;\">\r\n	泰国总理巴育当天清晨抵达北京，甫下飞机他就参加了上午的高峰论坛开幕式，下午又在人民大会堂与习近平见面。他说，“一带一路”倡议提出近6年来取得巨大成就，泰国也从基础设施、数据互联互通建设中受益匪浅。\r\n</p>\r\n<p class=\"ql-align-center\" style=\"text-align:center;color:#222222;font-family:&quot;font-size:16px;background-color:#FFFFFF;\">\r\n	<br />\r\n</p>\r\n<div class=\"pgc-img\" style=\"text-align:center;margin:0px;padding:0px;color:#222222;font-family:&quot;font-size:16px;background-color:#FFFFFF;\">\r\n	<img src=\"http://p1.pstatp.com/large/pgc-image/9d8213d247eb4282aea5b9952d982d57\" alt=\"时政新闻眼丨高峰论坛开幕日，习主席这四个现场最值得记取\" />\r\n</div>\r\n<p style=\"text-align:center;color:#222222;font-family:&quot;font-size:16px;background-color:#FFFFFF;\">\r\n	△这是26日清晨泰国总理巴育的专机抵达北京。（央视记者郝亮拍摄）\r\n</p>\r\n<p style=\"text-align:center;color:#222222;font-family:&quot;font-size:16px;background-color:#FFFFFF;\">\r\n	联合国秘书长古特雷斯在会见时说，习主席今天上午的演讲非常重要，深刻阐明了“一带一路”倡议与全球发展议程的紧密联系。“我也高度评价习近平主席提出的中国进一步改革开放的重大举措。”他这样评价中国：“给世界以确定性、信心和希望”。\r\n</p>', null, '0', '2019-04-18 23:32:44', '1', '2019-04-27 11:11:19', '1', null, null, null, null, null, null);
INSERT INTO `section_info` VALUES ('6', '8', null, null, '2019-04-18 23:35:34', '1', null, '', '建立销号管理制度 助推发展党员工作', '建立销号管理制度 助推发展党员工作', '<h3 style=\"font-size:32px;font-family:微软雅黑;text-align:center;\">\r\n	鱼台县：建立销号管理制度 助推发展党员工作\r\n</h3>\r\n<p>\r\n	<p style=\"font-size:18px;color:#333333;font-family:&quot;background-color:#FFFFFF;text-indent:2em;\">\r\n		为优化农村党员队伍年龄结构、破解党组织班子后继乏人难题，济宁市鱼台县在党员发展工作中探索实行“蓝黄红”三色挂牌销号管理机制，从严从实抓好党员发展工作，逐步消除三年以上没有发展党员的村，努力在全县建设一支规模适度、结构合理、素质优良、能力突出、作风严谨的农村党员队伍。\r\n	</p>\r\n	<p style=\"font-size:18px;color:#333333;font-family:&quot;background-color:#FFFFFF;text-indent:2em;\">\r\n		<strong>摸底数，建台账，全面掌握实情。</strong>指导各镇街组织专门力量，对所辖村党支部发展党员工作进行调查摸底，在对农村党员队伍状况分析的基础上，逐村填写《十九大以来鱼台县农村党组织发展党员统计表》《入党积极分子相关信息统计表》，建立健全发展党员相关工作台账。结合2016年以来全县党员发展工作台账，组成工作组，逐村倒排党员发展情况，逐人查阅党员档案，核实党员信息，全面掌握农村党员发展实情。\r\n	</p>\r\n	<p style=\"font-size:18px;color:#333333;font-family:&quot;background-color:#FFFFFF;text-indent:2em;\">\r\n		<strong>定计划，报进度，“三色”挂牌销号。</strong>指导各镇街制定发展党员年度工作计划和三年规划，启动发展党员“双60工程”（全年拿出不低于60%的计划支持镇街发展党员，镇街拿出不少于60%的计划发展农村优秀分子），在总量计划上向三年以上未发展党员村进行结构性倾斜。实行“蓝黄红”三色挂牌销号管理机制，对当年发展党员的村党支部挂绿牌；对连续2年没有发展党员的村党支部挂黄牌，及时告知提醒；对连续3年及以上没有发展党员的村党支部挂红牌，予以通报批评。对3年以上没有发展党员的村党支部，逐一剖析产生原因，找准问题症结，一村一策制定发展党员计划。各镇街每季度总结上报发展党员进度，并将发展党员工作作为党支部评先树优和党支部书记“一年四考”差异化季度绩效考核的重要参考依据。\r\n	</p>\r\n	<p style=\"font-size:18px;color:#333333;font-family:&quot;background-color:#FFFFFF;text-indent:2em;\">\r\n		<strong>严标准，规范化，确保发展质量。</strong>在吸收农村党员时着重把好“六关”，即考察审查关、党员标准关、组织谈话关、入党手续关、党委审批关、党员公示关；坚持“三个不予审批”，即对未经一年以上培养教育、没有进行考察政审、没有参加集中培训的不予审批，对入党动机不正、对党认识不深、政治觉悟不高的不予审批，对政治审查不过关、手续材料不齐全、党员群众普遍不认可的不予审批。印发《鱼台县发展党员工作手册》，进一步规范党员发展流程，在全县农村（社区）党组织书记培训班上设置发展党员培训课程，进行政策解读。实行县委组织部正科级领导干部联系镇街制度，加强督导监管，严格执行村党支部初审、镇街党（工）委预审、组织部门复审的“三联审”制度，保障党员发展工作有序进行。（中共鱼台县委组织部）\r\n	</p>\r\n</p>\r\n<h3 style=\"font-size:32px;font-family:微软雅黑;text-align:center;\">\r\n</h3>', null, '0', '2019-04-18 23:35:34', '1', '2019-04-27 11:37:00', '1', null, null, null, null, null, null);
INSERT INTO `section_info` VALUES ('7', '11', null, null, '2019-04-18 23:39:34', '1', null, '', '党务检务公开2', '党务检务公开2', '党务检务公开2', null, '0', '2019-04-18 23:39:34', '1', '2019-04-22 00:00:57', '1', null, null, null, null, null, null);
INSERT INTO `section_info` VALUES ('8', '7', null, null, '2019-04-18 23:40:26', '1', null, '\\public\\upload\\section_info\\20190422\\fd71793cebbdec69b27f760d77e2d178.jpg', '本院第六法庭依法公开开庭审理刘诗施与中国光大银行股份有限公司网络侵权责任纠纷一案', '本院第六法庭依法公开开庭审理刘诗施与中国光大银行股份有限公司网络侵权责任纠纷一案', '<div style=\"text-align:center;\">\r\n	<strong><span style=\"font-size:24px;\">北京互联网法院&nbsp;</span></strong>\r\n</div>\r\n<div style=\"text-align:center;\">\r\n	<br />\r\n</div>\r\n<div style=\"text-align:center;\">\r\n	<span style=\"font-size:16px;\">公 告</span>\r\n</div>\r\n<div style=\"text-align:center;\">\r\n	<br />\r\n</div>\r\n<div style=\"text-align:center;\">\r\n	<span style=\"font-size:16px;\">(2019)京0491民初10807号</span>\r\n</div>\r\n<br />\r\n<span style=\"font-size:16px;\">我院定于二〇一九年五月二十七日 下午十五时整，在本院第六法庭依法公开开庭审理刘诗施与中国光大银行股份有限公司网络侵权责任纠纷一案。</span><br />\r\n<br />\r\n<span style=\"font-size:16px;\">特此公告</span><br />\r\n<br />\r\n<div style=\"text-align:right;\">\r\n	<span style=\"font-size:16px;\">二〇一九年四月二十二日</span>\r\n</div>', null, '0', '2019-04-18 23:40:26', '1', '2019-04-27 10:59:30', '1', null, null, null, null, null, null);
INSERT INTO `section_info` VALUES ('9', '4', '1', 'national', '2019-04-21 21:37:21', null, '2', null, '关于深化产教融合推动新旧动能转换的实施意见', '关于深化产教融合推动新旧动能转换的实施意见', '<p style=\"text-align:center;\">\r\n	<span style=\"font-family:&quot;font-size:24px;font-weight:700;background-color:#FFFFFF;\"><strong>山东省人民政府办公厅关于深化产教融合推动新旧动能转换的实施意见</strong></span><strong><span style=\"font-size:24px;\"></span></strong>\r\n</p>\r\n<p style=\"text-align:center;\">\r\n	<strong><span style=\"font-size:24px;\"><br />\r\n</span></strong>\r\n</p>\r\n<p style=\"text-align:center;\">\r\n	<strong><span style=\"font-size:24px;\"><br />\r\n</span></strong>\r\n</p>\r\n<p style=\"text-align:left;\">\r\n	<strong><span style=\"font-size:24px;\">\r\n	<p style=\"font-size:18px;color:#333333;font-family:&quot;background-color:#FFFFFF;\">\r\n		各市人民政府，各县（市、区）人民政府，省政府各部门、各直属机构：\r\n	</p>\r\n	<p style=\"font-size:18px;color:#333333;font-family:&quot;background-color:#FFFFFF;\">\r\n		&emsp;&emsp;为深入学习贯彻习近平新时代中国特色社会主义思想和党的十九大精神，促进教育链、人才链与产业链、创新链有机衔接，全面提升全省人才培养质量，增强创新转型发展的内生动力，推动实施新旧动能转换重大工程，经省政府同意，现提出如下实施意见。\r\n	</p>\r\n	<p style=\"font-size:18px;color:#333333;font-family:&quot;background-color:#FFFFFF;\">\r\n		<strong>&emsp;&emsp;一、强化规划引导，构建教育和产业深度融合发展格局</strong>\r\n	</p>\r\n	<p style=\"font-size:18px;color:#333333;font-family:&quot;background-color:#FFFFFF;\">\r\n		&emsp;&emsp;（一）同步规划产教融合与经济社会发展。结合全省推进新旧动能转换、对外开放新高地、乡村振兴、海洋强省、军民融合等重大战略，将产教融合发展纳入全省经济社会发展规划以及区域布局、城乡布局、产业布局和重大生产力布局规划，同步推进产教融合发展政策制定、要素支持和重大项目建设。推进产教融合与产业集聚发展、园区建设等同谋划、同推进、同落实，与转型升级和动能转换相适应，与职业学校（含技工学校，下同）建设布局相衔接。在职教园区、公共实训基地、职业学校等建设项目可行性研究阶段，将产教融合发展的内容作为重要考量并纳入项目可行性研究报告。（省发展改革委牵头，省教育厅、省人力资源社会保障厅、省自然资源厅、省住房城乡建设厅等部门和各市政府按照职责分工负责）\r\n	</p>\r\n	<p style=\"font-size:18px;color:#333333;font-family:&quot;background-color:#FFFFFF;\">\r\n		&emsp;&emsp;（二）统筹职业教育与区域发展布局。健全与区域经济社会发展紧密对接的学校和专业分布，引导职业教育资源逐步向产业和人口集聚区集中，实现职业教育差别化、错位化、特色化发展。突出济南、青岛、烟台三个产业核心区的引领作用，打造区域性产教融合发展中心，辐射带动周边城市产教融合发展。立足胶东半岛装备制造业基地和制造业职业教育资源丰富优势，将济南、青岛、东营、烟台、潍坊、滨州等市打造成全国重要的高端智能制造产教融合高地。发挥全省海洋科技人才和海洋产业全国领先的优势，在青岛、烟台、威海、日照等市建设蓝色经济产教融合先行区。整合军地教育资源，在青岛市创建国内首个军民融合型海军新装备保障人才培训基地。推动职业教育均衡布局，引导枣庄、临沂、菏泽等鲁西南地区与东部沿海发达地区职业院校深度合作，加快乡土人才培育，培养高素质的劳动者，助力乡村振兴和脱贫攻坚。（省发展改革委、省教育厅牵头，省委军民融合委员会办公室、省人力资源社会保障厅、省自然资源厅等部门及有关市政府按照职责分工负责）\r\n	</p>\r\n	<p style=\"font-size:18px;color:#333333;font-family:&quot;background-color:#FFFFFF;\">\r\n		&emsp;&emsp;（三）建立国际交流合作长效机制。进一步深化职业教育领域的改革开放，鼓励高等学校、职业学校引进海外高层次人才和优质教育资源，合作开发具有国际水准的专业教学标准和优质课程，推进职业技能评估标准和资格认证与国际接轨，建设一批高水平中外合作办学项目。支持职业学校配合企业“走出去”，在“一带一路”沿线国家建立办学研发机构，支持“走出去”的企业与职业学校联合建立国际化人才培养基地，加快培养适合企业“走出去”要求的技术技能人才。鼓励企业与国际名校、国内外研发机构合作设立高端服务机构。（省发展改革委、省教育厅、省人力资源社会保障厅、省商务厅等部门按照职责分工负责）\r\n	</p>\r\n	<p style=\"font-size:18px;color:#333333;font-family:&quot;background-color:#FFFFFF;\">\r\n		&emsp;&emsp;（四）创建国家职业教育创新发展试验区。加快破除职业教育发展的体制机制障碍，不断释放改革红利，以省为单位积极创建国家职业教育创新发展试验区，在产教融合、职业教育考试招生、人才培养、“双师型”队伍、办学制度、保障机制、管理体制等方面先行先试，为全国创造可复制、可借鉴、可推广的经验，建设职业教育制度创新高地。支持青岛、潍坊市建设职业教育创新发展示范区，为全省职业教育改革发展探索新路径、提供新样板。（省教育厅牵头，省发展改革委、省人力资源社会保障厅等部门和有关市政府按照职责分工负责）\r\n	</p>\r\n	<p style=\"font-size:18px;color:#333333;font-family:&quot;background-color:#FFFFFF;\">\r\n		<strong>&emsp;&emsp;二、以深化产教融合为方向，建立教育服务新旧动能转换的协同机制</strong>\r\n	</p>\r\n	<p style=\"font-size:18px;color:#333333;font-family:&quot;background-color:#FFFFFF;\">\r\n		&emsp;&emsp;（一）推动学科专业与“十强”产业精准对接。健全产业结构调整与专业设置变革的驱动和调控机制，鼓励支持学校充分发挥自身优势，推进专业设置、教学内容与产业发展、职业标准紧密对接，到2022年培育和打造100个左右对接“十强”产业的专业集群。建设一批紧密对接“十强”产业的硕士博士学位授权点，新增研究生招收计划向符合全省产业转型升级方向、承担重大战略任务、积极推行校企协同育人的高等学校和学科倾斜。到2022年面向新旧动能转换“十强”产业，培养万名优秀工程师、农林人才、医护人才、金融人才、文化创意人才等高素质人才和十万名“齐鲁工匠”后备人才。（省教育厅牵头，省发展改革委、省人力资源社会保障厅等部门按照职责分工负责）\r\n	</p>\r\n	<p style=\"font-size:18px;color:#333333;font-family:&quot;background-color:#FFFFFF;\">\r\n		&emsp;&emsp;（二）推进产学研协同创新和成果转化。实施产学研协同创新行动计划，围绕“十强”产业发展需要，支持省内本科高校、科研院所、职业学校与“十强”产业骨干企业深度合作，整合互补性资源，共建产教园区、科教创新区、研发基地、企业技术中心平台、产业技术研究院、产业技术实验室、成果转化中心、产业（技术）创新联盟和制造业创新中心等，打造一批创新综合体，促进政产学研金服用融合创新。政府资助的应用型工程技术项目，原则上应有行业企业参与并制定成果转化方案。引导高等学校将企业生产一线实际需求作为工程技术研究选题的重要来源，支持高校院所和企业合作申报国家和省科技重大专项。（省教育厅、省科技厅牵头，省发展改革委、省工业和信息化厅、省人力资源社会保障厅等按照职责分工负责）\r\n	</p>\r\n	<p style=\"font-size:18px;color:#333333;font-family:&quot;background-color:#FFFFFF;\">\r\n		&emsp;&emsp;（三）组建“十强”产业产教融合联盟。充分发挥新旧动能转换“6个1”协调推进体系作用，由“十强”产业协会牵头，带动行业骨干企业联合职业院校、高等学校等组建10个产教融合集团（联盟），吸引中小企业参与，推动实体化运作。鼓励整合上下游产业链、创新链、教育链、人才链资源，建立覆盖全产业链的职业教育集团。率先在“十强”产业等重点领域，开展多元主体共建职业教育集团的改革试点。（省发展改革委、省教育厅牵头，省人力资源社会保障厅、省民政厅等部门按照职责分工负责）\r\n	</p>\r\n	<p style=\"font-size:18px;color:#333333;font-family:&quot;background-color:#FFFFFF;\">\r\n		<strong>&emsp;&emsp;三、推进校企深度融合，发挥企业重要主体作用</strong>\r\n	</p>\r\n	<p style=\"font-size:18px;color:#333333;font-family:&quot;background-color:#FFFFFF;\">\r\n		&emsp;&emsp;（一）拓宽企业积极有效参与途径。鼓励企业以独资、合资、合作等方式依法参与举办职业教育、高等教育。支持开展职业学校股份制、混合所有制办学改革试点，规范管理体制、产权归属、收益分配等重大问题，健全完善准入和退出机制。民营企业参与举办的职业学校、高等学校在招生就业、自主管理、教师评聘等方面按照同类公办学校的标准享受同等待遇，实行支持性收费政策。发挥国有企业示范带头作用，支持有条件的国有企业继续办好做强职业教育，国有企业举办职业学校，可参照同类公办学校标准安排生均拨款，所需经费按原渠道保障。（省发展改革委、省教育厅、省人力资源社会保障厅、省国资委等部门和各市政府按照职责分工负责）\r\n	</p>\r\n	<p style=\"font-size:18px;color:#333333;font-family:&quot;background-color:#FFFFFF;\">\r\n		&emsp;&emsp;（二）深入推进“引企入教”改革。职业学校新设专业原则上应有相关行业企业参与，充分发挥学校聘任的产业教授在学科建设、人才培养方案、教材开发、教学改革等方面的作用，推行面向企业真实生产环境的任务式培养模式。鼓励名师带高徒，全面推行企业新型学徒制和现代学徒制，根据不同职业（工种）的培训成本按规定给予培训补贴。（省教育厅、省人力资源社会保障厅牵头，省发展改革委、省工业和信息化厅等按照职责分工负责）\r\n	</p>\r\n	<p style=\"font-size:18px;color:#333333;font-family:&quot;background-color:#FFFFFF;\">\r\n		&emsp;&emsp;（三）规范开展生产性实习实训。逐步建立学生实习实训工作考核和补助制度，规模以上企业原则上按职工总数2%安排实习岗位接纳职业学校学生实习。鼓励各类院校和企业共建共营实训基地，符合中央预算内资金申报条件的，积极予以推荐支持。职业学校新设实训基地原则上要有相关行业企业参与。推进实习实训规范化，确保学生享有获得合理报酬等合法权益。（省教育厅、省人力资源社会保障厅牵头，省发展改革委、省工业和信息化厅等按照职责分工负责）\r\n	</p>\r\n	<p style=\"font-size:18px;color:#333333;font-family:&quot;background-color:#FFFFFF;\">\r\n		&emsp;&emsp;（四）强化企业职工在岗教育培训。推广“互联网+职业培训”模式，开发引进“职业培训包”“职业训练院”等职业培训新模式。推动行业、企业广泛开展职工岗位练兵和技术比武活动，落实优胜选手待遇。加强产能过剩、贸易摩擦等行业转岗就业人员再就业培训，去产能企业失业职工在参加培训并取得相应职业资格证书或职业技能等级证书后，可由所在地县（市、区）按规定补贴培训费用。（省人力资源社会保障厅牵头，省教育厅、省财政厅等按照职责分工负责）\r\n	</p>\r\n	<p style=\"font-size:18px;color:#333333;font-family:&quot;background-color:#FFFFFF;\">\r\n		<strong>&emsp;&emsp;四、以提高教育质量为核心，加快推进人才培养改革</strong>\r\n	</p>\r\n	<p style=\"font-size:18px;color:#333333;font-family:&quot;background-color:#FFFFFF;\">\r\n		&emsp;&emsp;（一）推进产教协同育人。建立健全职业学校和高等学校理事会制度，鼓励引入行业企业、科研院所、社会组织等多方参与。职业学校和高等学校应明确产教融合管理、协调、服务部门或者机构。鼓励企校共同制定人才培养标准、修订专业课程，将企业生产经营标准和环境引入教学过程，建立教学过程与企业生产过程一体化人才培养模式。到2022年建设500个左右省级研究生产学研用联合培养基地、300个左右省级本专科生实习实训示范基地。（省教育厅、省人力资源社会保障厅牵头，省发展改革委、省工业和信息化厅等部门按照职责分工负责）\r\n	</p>\r\n	<p style=\"font-size:18px;color:#333333;font-family:&quot;background-color:#FFFFFF;\">\r\n		&emsp;&emsp;（二）强化师资队伍建设。允许实用型技能人才培养院校专业教师与行业企业技术人员双向流动，推进在院校设立大师工作室、在企业设立名师工作室，建立区域共享的兼职教师库。研究制定符合职业教育和应用型高等学校特点的教师职称标准，支持职业学校、高等学校设置“产业教授”等创新性岗位或特设岗位。职业学校教职工人员控制总量的20%可面向企业聘用高技能人才担任兼职教师。专业教师每5年到企业或生产服务一线实践累计不少于6个月。（省委编办、省教育厅、省人力资源社会保障厅等按照职责分工负责）\r\n	</p>\r\n	<p style=\"font-size:18px;color:#333333;font-family:&quot;background-color:#FFFFFF;\">\r\n		&emsp;&emsp;（三）深化考试招生制度改革。系统构建中职、高职、应用型本科、专业学位研究生教育联合培养体系。放活校企合作办学收费政策，选择部分高校开展校企合作办学收费改革试点。继续试点应用型本科高校与职业院校对口贯通分段培养模式。加快推进高等职业学校分类考试招生，完善“文化素质+专业技能”春季考试招生制度。完善考试招生配套改革，逐步提高高等学校招收有工作实践经历人员的比例。（省教育厅负责）\r\n	</p>\r\n	<p style=\"font-size:18px;color:#333333;font-family:&quot;background-color:#FFFFFF;\">\r\n		<strong>&emsp;&emsp;五、加强载体平台建设，促进产教供需双向对接</strong>\r\n	</p>\r\n	<p style=\"font-size:18px;color:#333333;font-family:&quot;background-color:#FFFFFF;\">\r\n		&emsp;&emsp;（一）积极培育市场服务组织。政府主管部门要深化“放管服”改革，鼓励通过购买服务、合作设立等方式，培育支持产教融合服务组织加快发展。推动学校与教育型组织（企业）、行业等组建实质性的职业教育实体或产学研联合体，利用市场合作和产业分工，提供专业化服务，形成稳定互惠的合作机制。鼓励教育培训机构、行业企业联合开发优质教育资源，允许和鼓励高校、企业向教育型组织（企业）购买创新创业、前沿技术课程和教学服务。（省发展改革委、省教育厅、省民政厅、省人力资源社会保障厅、省市场监管局等按照职责分工负责）\r\n	</p>\r\n	<p style=\"font-size:18px;color:#333333;font-family:&quot;background-color:#FFFFFF;\">\r\n		&emsp;&emsp;（二）打造统一高效共享信息平台。运用云计算、大数据等信息技术，打造覆盖全省的产教融合综合信息服务平台，汇聚区域和行业人才供需、校企合作、项目研发、技术服务等各类信息，向各类主体提供精准化信息发布、检索、推荐和其他相关服务。强化职业学校、高等学校数字化教学资源库和企业实践库建设，推进校企资源跨部门、跨区域、跨行业共建共享。支持教育型组织（企业）整合校企资源，利用“互联网+”构建区域性或行业性的产教融合服务平台，为产业与教育融合提供有效便捷的交互式服务，构建资源共享共用的新模式。（省教育厅、省人力资源社会保障厅、省大数据局等按照职责分工负责）\r\n	</p>\r\n	<p style=\"font-size:18px;color:#333333;font-family:&quot;background-color:#FFFFFF;\">\r\n		&emsp;&emsp;（三）建设高水平的公共实训基地。建立多元化、多渠道投融资机制，鼓励和引导企业、院校、社会培训机构多种形式参与建设实习实训基地和平台。加快山东省公共实训基地建设，充分发挥省级新旧动能转换行业（专项）公共实训基地的引领示范作用，到2022年建成50个左右布局合理、特色鲜明、功能健全的区域性公共实训基地和企业实训基地。支持各级高技能人才培养基地、技能大师工作室、职业院校技能大赛集训基地、世界技能大赛集训基地等载体建设，企业可从职工教育经费中列支相关工作室专项经费。（省发展改革委、省教育厅、省工业和信息化厅、省人力资源社会保障厅等部门和各市政府按照职责分工负责）\r\n	</p>\r\n	<p style=\"font-size:18px;color:#333333;font-family:&quot;background-color:#FFFFFF;\">\r\n		&emsp;&emsp;（四）建立产教融合科学评价体系。通过购买服务等方式，积极支持第三方机构开展产教融合效能评价。科学设计产教融合评价指标体系，将评价结果作为绩效考核、投入引导、试点选择、表彰激励的重要依据，成为日常监督管理、科学评判工作、合理分配资源和后续支持奖励的重要参考指标。（省发展改革委、省教育厅、省科技厅、省财政厅、省人力资源社会保障厅按照职责分工负责）\r\n	</p>\r\n	<p style=\"font-size:18px;color:#333333;font-family:&quot;background-color:#FFFFFF;\">\r\n		<strong>&emsp;&emsp;六、坚持综合施策，强化政策支持保障</strong>\r\n	</p>\r\n	<p style=\"font-size:18px;color:#333333;font-family:&quot;background-color:#FFFFFF;\">\r\n		&emsp;&emsp;（一）落实财税用地政策。各级财政、发展改革、税务、自然资源部门要把深化产教融合作为落实结构性减税政策，推进降成本、补短板的重要举措，落实社会力量举办教育有关财税政策，积极支持职业教育发展和企业参与办学。鼓励制造业企业为新增先进产能和新上技术改造项目，配套建设产教融合实训基地，纳入相应政府投资项目支持范围。切实落实足额征收教育费附加，并且用于职业教育的比例不低于30%的政策。企业举办职业学校符合职业教育发展规划要求的，各级可通过政府购买服务等方式给予支持。企业投资或与政府合作建设职业学校、高校的建设用地，按科教用地管理，符合《划拨用地目录》的，可通过划拨方式供地，鼓励企业自愿以出让、租赁方式取得土地。各级可按规定通过积极落实政府性基金减免政策、老校区土地置换等方式，支持学校产教融合项目建设。（省发展改革委、省教育厅、省工业和信息化厅、省财政厅、省自然资源厅、省人力资源社会保障厅、省税务局等部门和各市政府按照职责分工负责）\r\n	</p>\r\n	<p style=\"font-size:18px;color:#333333;font-family:&quot;background-color:#FFFFFF;\">\r\n		&emsp;&emsp;（二）强化财政金融支持。在产教融合领域大力推广政府和社会资本合作（PPP）模式，支持产教融合基础设施建设和公共服务供给，利用“补贷债”组合模式，多措并举拓宽投融资渠道。充分发挥开发性金融的支持引导作用，将支持实训基地建设作为深化产教融合的重点领域，支持培育一批产教融合实训基地示范建设项目。发展改革部门统筹安排国际金融组织、外国政府贷款支持的教育项目，优先支持产教融合实训基地建设。支持符合条件的发行人申请发行教育培训产业专项债券，重点用于实训基地建设。在“加快和简化审核类”债券审核基础上，提供专项服务支持。（省发展改革委、省地方金融监管局牵头，省财政厅、国家开发银行山东省分行等按照职责分工负责）\r\n	</p>\r\n	<p style=\"font-size:18px;color:#333333;font-family:&quot;background-color:#FFFFFF;\">\r\n		&emsp;&emsp;（三）实施产教融合发展工程。坚持扶优扶强，以产教融合发展为方向，支持引导各类职业学校和高等学校在不同方向和领域分类发展、办出特色、争创一流。组织实施好纳入国家产教融合发展工程的项目，支持应用型本科高等学校加强产教融合实训环境、平台和载体建设，促进人才培养、科研创新、学科专业建设与产业发展相融合。支持省级“双一流”高等学校加强学科、人才、科研与产业互动，推进合作育人、协同创新和成果转化。支持中高等职业学校加强校企合作，面向产业需求，强化实践教学环节建设，共建共享技术技能实训设施。（省发展改革委牵头，省教育厅、省财政厅、省人力资源社会保障厅等按照职责分工负责）\r\n	</p>\r\n	<p style=\"font-size:18px;color:#333333;font-family:&quot;background-color:#FFFFFF;\">\r\n		&emsp;&emsp;（四）开展产教融合建设试点。支持省内有关市、学校、企业积极争取国家试点任务，申报国家产教融合发展试点。遴选10个在新旧动能“十强”产业产教融合领域起到示范引领作用的骨干学校和企业联合体，统筹有关资金对实训基地建设予以支持。制定“产教融合型”企业评定标准，将人才培养、产教研合作取得显著成效的企业认定为“产教融合型”企业，在产业创新中心、企业技术中心认定、企业创新平台建设、工程实验室、工程研究中心、技术改造补助等方面予以倾斜支持。到2022年认定“产教融合型”企业100家左右。（省发展改革委、省教育厅牵头，省科技厅、省人力资源社会保障厅、省工业和信息化厅等部门按照职责分工负责）\r\n	</p>\r\n	<p style=\"font-size:18px;color:#333333;font-family:&quot;background-color:#FFFFFF;\">\r\n		&emsp;&emsp;深化产教融合是推进人力资源供给侧结构性改革的重要举措，对新形势下全面提高教育质量、扩大就业创业、培育经济发展新动能、推进经济转型升级具有重要意义。各级、各有关部门要高度重视，加强组织领导和协调联动，明确职责分工，完善评价体系，强化督促指导，确保各项工作落到实处。要加强宣传动员和舆论引导，积极营造全社会充分理解、积极支持、主动参与产教融合的良好氛围。\r\n	</p>\r\n	<div>\r\n		<br />\r\n	</div>\r\n<br />\r\n</span></strong>\r\n</p>', null, '0', '2019-04-21 21:37:21', '2', '2019-04-27 12:12:30', '1', null, null, '1', '2019-04-27 12:14:48', '3', '通过');
INSERT INTO `section_info` VALUES ('10', '4', '1', 'provincial', '2019-04-21 21:45:55', null, '2', null, '山东省人民政府办公厅关于进一步加强省属企业主业管理工作的意见', '山东省人民政府办公厅关于进一步加强省属企业主业管理工作的意见', '<p style=\"font-size:18px;color:#333333;font-family:\"background-color:#FFFFFF;\">\r\n	各市人民政府，省政府各部门、各直属机构，各大企业：\r\n</p>\r\n<p style=\"font-size:18px;color:#333333;font-family:\"background-color:#FFFFFF;\">\r\n	  为深入学习贯彻习近平新时代中国特色社会主义思想和党的十九大精神，加快推进国有经济布局结构优化调整，引导省属企业聚焦主营业务（以下简称主业）发展，做强做优做大主业，提升核心竞争力，持续培育新动能，促进实现高质量发展，经省政府同意，现就进一步加强省属企业主业管理工作提出如下意见。\r\n</p>\r\n<p style=\"font-size:18px;color:#333333;font-family:\"background-color:#FFFFFF;\">\r\n	<strong>  一、充分认识聚焦主业发展的重要性</strong>\r\n</p>\r\n<p style=\"font-size:18px;color:#333333;font-family:\"background-color:#FFFFFF;\">\r\n	  近年来，省属企业认真落实省委、省政府实施新旧动能转换重大工程的部署要求，充分发挥国有资本功能，不断深化改革创新，培育发展新兴产业，综合实力显著提升，为全省经济社会发展作出了积极贡献。但随着省属企业规模不断扩大，部分企业存在产业布局过宽过散、资源配置不合理等问题。省属企业集中精力做强做优主业，是进一步加快省属国有经济布局结构调整，推进国有资本向基础性、保障性、战略性产业集聚的战略需要；是增强国有资本配置效率、提升企业核心竞争力和抗风险能力的内在要求；是发挥省属企业骨干带头作用、履行国有企业职责使命、服务全省经济转型发展的重要基础。各省属企业要正确认识聚焦主业发展的重要意义，坚持新发展理念，立足自身优势，进一步突出精干主业，明确战略定位和发展方向，强化资源集聚，优化产业布局，增强核心竞争力和长期可持续发展能力。\r\n</p>\r\n<p style=\"font-size:18px;color:#333333;font-family:\"background-color:#FFFFFF;\">\r\n	<strong>  二、主业确认基本原则</strong>\r\n</p>\r\n<p style=\"font-size:18px;color:#333333;font-family:\"background-color:#FFFFFF;\">\r\n	  （一）符合产业政策和国有经济布局调整方向。省属企业主业应符合国家和我省相关产业政策，符合省委、省政府战略决策部署和新旧动能转换重大工程发展要求，符合我省国有经济布局调整方向，有利于发挥省属企业的基础保障和引领带动作用。\r\n</p>\r\n<p style=\"font-size:18px;color:#333333;font-family:\"background-color:#FFFFFF;\">\r\n	  （二）符合企业功能定位和发展战略规划。按照省属企业功能定位，立足现有产业基础和未来转型升级需要，突出企业特色优势。商业一类企业主业重点突出发展质量和效益，商业二类企业主业重点突出战略性功能。\r\n</p>\r\n<p style=\"font-size:18px;color:#333333;font-family:\"background-color:#FFFFFF;\">\r\n	  （三）能力适配。省属企业主业应具备较好的人才、渠道、创新、管理等资源优势和基础条件，或在同行业具有较强的竞争优势，能够支撑企业的可持续发展。紧密对接“十强”产业，优选市场竞争力强、经济效益好、增长潜力大，有利于发展成为行业排头兵的业务作为主业。\r\n</p>\r\n<p style=\"font-size:18px;color:#333333;font-family:\"background-color:#FFFFFF;\">\r\n	  （四）数量适度。省属企业主业一般不超过3个。主业名称对照《国民经济行业分类》的大类、中类名称或结合实际确定，关联度高、协同性强的业务可适当归类。单个主业的资产总额、营业收入、利润总额等原则上不低于企业总额的25%；符合我省“十强”产业方向、拟重点发展的培育业务，其指标占比不作限制。\r\n</p>\r\n<p style=\"font-size:18px;color:#333333;font-family:\"background-color:#FFFFFF;\">\r\n	<strong>  三、主业确认程序</strong>\r\n</p>\r\n<p style=\"font-size:18px;color:#333333;font-family:\"background-color:#FFFFFF;\">\r\n	  （一）申请。省属企业依据功能定位和发展战略规划，紧密结合内外部环境和发展实际，在认真研究论证基础上，按照《中华人民共和国公司法》和公司章程规定履行决策程序后，形成申报确认主业的草案（包括拟定主业及依据说明，如主业发展现状及前景、主要指标及所占比重、竞争力分析等），以书面形式报送国资监管机构。\r\n</p>\r\n<p style=\"font-size:18px;color:#333333;font-family:\"background-color:#FFFFFF;\">\r\n	  （二）初审。国资监管机构组织对省属企业拟确认的主业进行研究审核，提出初步确认意见反馈企业，企业根据反馈意见进行修改完善。涉及多个股东单位的，充分征求各方意见。注重尊重企业发展实际，与企业充分沟通、达成共识。\r\n</p>\r\n<p style=\"font-size:18px;color:#333333;font-family:\"background-color:#FFFFFF;\">\r\n	  （三）确认。省属企业修改完善的主业方案由董事会审议通过后，以书面形式报送国资监管机构，由国资监管机构进行确认并公布。\r\n</p>\r\n<p style=\"font-size:18px;color:#333333;font-family:\"background-color:#FFFFFF;\">\r\n	  （四）动态调整及重新确认。省属企业主业经确认后，在规划期内原则上不作调整；因客观情况发生重大变化确需调整的，按上述要求重新履行申报确认程序。\r\n</p>\r\n<p style=\"font-size:18px;color:#333333;font-family:\"background-color:#FFFFFF;\">\r\n	  经确认的主业，作为国资监管机构对省属企业发展战略规划、重大投融资活动实施有效监管的重要依据。\r\n</p>\r\n<p style=\"font-size:18px;color:#333333;font-family:\"background-color:#FFFFFF;\">\r\n	<strong>  四、主业发展基本要求</strong>\r\n</p>\r\n<p style=\"font-size:18px;color:#333333;font-family:\"background-color:#FFFFFF;\">\r\n	  （一）强化战略引领，做强做优主业。省属企业要加强战略管理，对主业发展情况深入研究分析，包括产业竞争力、盈利或支撑能力等，明确主业发展思路目标和路径措施，持续提升主业竞争优势。结合规划评估和内外部环境变化，定期对主业的资产、经营、投入、产出情况进行梳理分析，制定主业发展优化方案。国资监管机构加强对省属企业主业发展的指导，形成常态化的主业发展情况监测机制。\r\n</p>\r\n<p style=\"font-size:18px;color:#333333;font-family:\"background-color:#FFFFFF;\">\r\n	  （二）规范投资行为，严控非主业投资。省属企业要依据主业加强投资管理，在制订实施年度投资经营计划时，优先向主业配置资源，加大主业投资发展力度，严控非主业投资活动，严格限制非主业投资比例和计划外非主业项目，避免盲目扩张。围绕主业加强研发机构建设，加大研发创新投入，充分发挥企业创新主体作用，不断提升自主创新能力。国资监管机构要加强对省属企业投资方向引导，推动企业优化投资结构，切实防范投资风险。\r\n</p>\r\n<p style=\"font-size:18px;color:#333333;font-family:\"background-color:#FFFFFF;\">\r\n	  （三）优化整合资源，提升核心竞争力。省属企业要坚定不移聚焦主业，突出主业开展专业化整合，推动技术、人才、资本等要素向主业集中，不断增强主业的资源配置效率、盈利能力和市场竞争力。积极利用资本市场和产权市场进行开放式重组，逐步剥离、有序退出不具备发展优势的非主业资产和业务。\r\n</p>\r\n<p style=\"font-size:18px;color:#333333;font-family:\"background-color:#FFFFFF;\">\r\n	  各省属企业要按照本意见要求，结合实际，研究制定加强主业管理的具体措施，认真抓好落实。省属金融、文化类企业主业管理工作，中央和省另有规定的从其规定。省政府授权其他部门、机构履行出资人职责的省属企业，其主业管理工作由有关部门、机构按照本意见组织实施。\r\n</p>', null, '0', '2019-04-21 21:45:55', '2', '2019-04-27 12:11:40', '1', null, null, '1', '2019-04-27 12:14:53', '3', '通过');
INSERT INTO `section_info` VALUES ('11', '12', null, null, '2019-04-22 00:33:09', '1', null, '\\public\\upload\\section_info\\20190427\\38da0b1b80c5cc37d9f527091104b5d6.jpg', '第二届“一带一路”国际合作高峰论坛', '第二届“一带一路”国际合作高峰论坛', '<p style=\"text-align: center; color: rgb(34, 34, 34);\" font-size:16px;background-color:#ffffff;\"=\"\">\r\n	4月26日，国家主席习近平和夫人彭丽媛在北京人民大会堂举行宴会，欢迎出席第二届“一带一路”国际合作高峰论坛的外方领导人夫妇及嘉宾。这是习近平和彭丽媛同外方领导人夫妇及嘉宾合影留念。 新华社记者 谢环驰 摄\r\n	</p>\r\n<p style=\"text-align: center; color: rgb(34, 34, 34);\" font-size:16px;background-color:#ffffff;\"=\"\">\r\n	新华社北京4月26日电（记者白洁、孙琪）国家主席习近平和夫人彭丽媛26日在人民大会堂举行宴会，欢迎出席第二届“一带一路”国际合作高峰论坛的外方领导人夫妇及嘉宾。李克强、栗战书、汪洋、王沪宁、赵乐际、韩正、王岐山出席。\r\n</p>\r\n<p style=\"text-align: center; color: rgb(34, 34, 34);\" font-size:16px;background-color:#ffffff;\"=\"\">\r\n	4月的北京，春意盎然。当晚的人民大会堂金碧辉煌，宾朋谈笑晏晏。晚7时35分许，习近平和彭丽媛来到二层迎宾厅，同外方领导人夫妇一一握手，互致问候。在大型壁画“江山如此多娇”前，习近平和彭丽媛同外方领导人夫妇合影留念。\r\n	</p>\r\n<p style=\"text-align: center; color: rgb(34, 34, 34);\" font-size:16px;background-color:#ffffff;\"=\"\">\r\n	宴会厅内，乐音悠扬，高朋满座。绘有古丝绸之路建筑古迹的纱幕卷轴，如丝带般在大厅两侧舒展开来。\r\n</p>\r\n<p style=\"text-align: center; color: rgb(34, 34, 34);\" font-size:16px;background-color:#ffffff;\"=\"\">\r\n	在欢快的迎宾曲中，习近平和彭丽媛同贵宾们一同步入宴会厅。\r\n	</p>\r\n<div style=\"text-align: center; margin: 0px; padding: 0px; font-size: 16px; color: rgb(34, 34, 34);\" background-color:#ffffff;\"=\"\"> <img src=\"http://p1.pstatp.com/large/db000019fc43e94db29d\" alt=\"习近平和彭丽媛欢迎出席第二届“一带一路”国际合作高峰论坛的外方领导人夫妇及嘉宾\" /> \r\n		</div>\r\n<p style=\"text-align: center; color: rgb(34, 34, 34);\" font-size:16px;background-color:#ffffff;\"=\"\">\r\n	4月26日，国家主席习近平和夫人彭丽媛在北京人民大会堂举行宴会，欢迎出席第二届“一带一路”国际合作高峰论坛的外方领导人夫妇及嘉宾。这是习近平发表致辞，代表中国政府和中国人民热烈欢迎各位嘉宾。 新华社记者 黄敬文 摄\r\n			</p>\r\n<p style=\"text-align: center; color: rgb(34, 34, 34);\" font-size:16px;background-color:#ffffff;\"=\"\">\r\n	习近平发表致辞，代表中国政府和中国人民热烈欢迎各位嘉宾。习近平指出，在这个孕育希望的季节，第二届“一带一路”国际合作高峰论坛如约而至。我们跨越万里，相会北京，更要珍惜这次难得的聚会。\r\n		</p>\r\n<p style=\"text-align: center; color: rgb(34, 34, 34);\" font-size:16px;background-color:#ffffff;\"=\"\">\r\n	——今天的聚会，让我们再次拾起心中美好的记忆。虽然我们相距遥远，但对和平与发展的共同追求，对人民美好生活的共同渴望，让我们心灵相近、结成伙伴。不论国际风云如何变幻，这份真挚的友谊必将长存心间，合作共赢将是我们心中永恒的旋律。\r\n			</p>\r\n<p style=\"text-align: center; color: rgb(34, 34, 34);\" font-size:16px;background-color:#ffffff;\"=\"\">\r\n	——今天的聚会，让我们在思想碰撞中得到启迪。世界文明的魅力在于多姿多彩，人类进步的要义在于互学互鉴。千百年来，古丝绸之路见证了沿线国家在互通有无中实现发展繁荣，在取长补短中绽放灿烂文明。面对当今世界的各种挑战，我们应该从丝绸之路的历史中汲取智慧，从当今时代的合作共赢中发掘力量，发展全球伙伴关系，开创共同发展的光明未来。\r\n		</p>\r\n<p style=\"text-align: center; color: rgb(34, 34, 34);\" font-size:16px;background-color:#ffffff;\"=\"\">\r\n	——今天的聚会，让我们牢记肩头沉甸甸的责任。新工业革命风起云涌，充满机遇和挑战。作为各国领导人，我们没有退却的理由，只有前进的选项。唯有风雨兼程，才能无愧于人民重托，才能让我们的人民过上幸福生活。站在世界百年未有之大变局的当口，愿我们都能不负使命、不负时代。\r\n			</p>\r\n<p style=\"text-align: center; color: rgb(34, 34, 34);\" font-size:16px;background-color:#ffffff;\"=\"\">\r\n	习近平强调，2013年，我提出了共建“一带一路”倡议。经过各方共同努力，共建“一带一路”蓝图初步绘就，成果逐渐呈现。在这一过程中，来自不同国家的朋友相识相知，结成了紧密的合作伙伴。共建“一带一路”正在发展之中。无论是顺境还是逆境，无论前方是坦途还是荆棘，我们都要弘扬伙伴精神，不忘合作初心，坚定不移前进。各国人民都应该拥有一个更加美好的未来，共建“一带一路”一定会迎来一个更加美好的世界。\r\n		</p>\r\n<p style=\"text-align: center; color: rgb(34, 34, 34);\" font-size:16px;background-color:#ffffff;\"=\"\">\r\n	宴会在喜庆祥和的气氛中进行，席间伴奏了来自参加圆桌峰会国家的曲目。宴会中，习近平同各国领导人亲切交谈，共同祝愿各国发展繁荣，人民幸福安康，祝愿高峰论坛圆满成功，祝愿共建“一带一路”硕果累累。\r\n			</p>\r\n<div style=\"text-align: center; margin: 0px; padding: 0px; font-size: 16px; color: rgb(34, 34, 34);\" background-color:#ffffff;\"=\"\"> <img src=\"http://p1.pstatp.com/large/daa400166dc6c9163dfa\" alt=\"习近平和彭丽媛欢迎出席第二届“一带一路”国际合作高峰论坛的外方领导人夫妇及嘉宾\" /> \r\n				</div>\r\n<p style=\"text-align: center; color: rgb(34, 34, 34);\" font-size:16px;background-color:#ffffff;\"=\"\">\r\n	4月26日，国家主席习近平和夫人彭丽媛在北京人民大会堂举行宴会，欢迎出席第二届“一带一路”国际合作高峰论坛的外方领导人夫妇及嘉宾。这是习近平和彭丽媛同贵宾们一同步入宴会厅。 新华社记者 王晔 摄\r\n					</p>\r\n<p style=\"text-align: center; color: rgb(34, 34, 34);\" font-size:16px;background-color:#ffffff;\"=\"\">\r\n	宴会后，习近平和彭丽媛同贵宾们观看主题为《丝路绽放》的文艺演出。\r\n				</p>\r\n<p style=\"text-align: center; color: rgb(34, 34, 34);\" font-size:16px;background-color:#ffffff;\"=\"\">\r\n	演出在舞蹈《丝路芳华》中拉开帷幕。身着华服的舞者，蹁跹优雅的舞姿，展现了共建“一带一路”国家交流互通、友谊之花瑰丽绽放的盛景。歌曲《山海和音》取材于中国民歌和意大利歌剧，表达了丝路连山海、志和若比邻的美好愿景。芭蕾舞《敦煌》通过婀娜的舞姿，再现敦煌壁画庄严辉煌、幽远灵动的气韵。小提琴与室内乐《庆丰收》旋律热烈欢快，表达了丰收时节劳动人民的喜悦之情。源自中国西域乐舞的舞蹈《盛装萨玛瓦尔》极具丝路风情，舞者头顶茶壶和茶碗，欢迎远道而来的贵宾。少儿戏曲舞蹈《梨园春苗》的小演员们惟妙惟肖地展现了京剧刀马旦和武生的艺术风采。由埃及、菲律宾、塞尔维亚和俄罗斯歌曲组成的歌舞《踏浪同歌》描绘出共建“一带一路”国家人民多元共融的生活图景。演出在合唱《我们携手前行》中落幕。优美的旋律表达了中国人民同共建“一带一路”国家和地区各族人民心心相印、携手发展的美好愿望，祝福“一带一路”合作开启新征程，绘就更美画卷。\r\n					</p>\r\n<p style=\"text-align: center; color: rgb(34, 34, 34);\" font-size:16px;background-color:#ffffff;\"=\"\">\r\n	丁薛祥、杨洁篪、胡春华、黄坤明、蔡奇、王毅、肖捷、赵克志、何立峰等参加上述活动。\r\n				</p>', null, '0', '2019-04-22 00:33:09', '1', '2019-04-27 11:09:47', '1', null, null, null, null, null, null);
INSERT INTO `section_info` VALUES ('12', '7', null, null, '2019-04-22 00:33:27', '1', null, '', '本院第四法庭依法公开开庭审理北京河图创意图片有限公司与东莞市秦粤丰鞋材有限公司著作权权属、侵权纠纷一案。', '本院第四法庭依法公开开庭审理北京河图创意图片有限公司与东莞市秦粤丰鞋材有限公司著作权权属、侵权纠纷一案。', '<div style=\"text-align:center;\">\r\n	<strong><span style=\"font-size:24px;\">北京互联网法院&nbsp;</span></strong>\r\n</div>\r\n<div style=\"text-align:center;\">\r\n	<br />\r\n</div>\r\n<div style=\"text-align:center;\">\r\n	<span style=\"font-size:18px;\">公 告</span>\r\n</div>\r\n<div style=\"text-align:center;\">\r\n	<br />\r\n</div>\r\n<div style=\"text-align:center;\">\r\n	<span style=\"font-size:18px;\">(2019)京0491民初7313号</span>\r\n</div>\r\n<div style=\"text-align:center;\">\r\n	<br />\r\n</div>\r\n<span style=\"font-size:16px;\">我院定于二〇一九年五月二十三日 下午十五时三十分，在本院第四法庭依法公开开庭审理北京河图创意图片有限公司与东莞市秦粤丰鞋材有限公司著作权权属、侵权纠纷一案。</span><br />\r\n<br />\r\n<span style=\"font-size:16px;\">特此公告</span><br />\r\n<br />\r\n<div style=\"text-align:right;\">\r\n	<span style=\"font-size:16px;\">二〇一九年四月十八日</span>\r\n</div>', null, '0', '2019-04-22 00:33:27', '1', '2019-04-27 11:01:03', '1', null, null, null, null, null, null);
INSERT INTO `section_info` VALUES ('13', '7', null, null, '2019-04-23 23:34:38', '1', null, '', '第三法庭依法公开开庭审理 原告:熊君;被告:江西晨烨生态园林有限公司的股东知情权纠纷一案', '第三法庭依法公开开庭审理 原告:熊君;被告:江西晨烨生态园林有限公司的股东知情权纠纷一案', '<h2 style=\"font-size:24px;text-align:center;color:#23272B;font-family:&quot;\">\r\n	抚州市临川区人民法院 开庭公告\r\n</h2>\r\n<p>\r\n	<br />\r\n</p>\r\n<p>\r\n	<span style=\"color:#464B4F;font-family:&quot;font-size:16px;background-color:#FFFFFF;\">&nbsp;&nbsp;<span style=\"font-size:16px;\">&nbsp;&nbsp;</span><span style=\"font-size:16px;\">&nbsp;&nbsp;&nbsp;&nbsp;</span><span style=\"font-size:16px;\">&nbsp;&nbsp;&nbsp;&nbsp;</span><span style=\"font-size:16px;\">我院定于2019-02-</span><span style=\"font-size:16px;\">25 03:00 在第三法庭依法公开开庭审理 原告:熊君;被告:江西晨烨生态园林有限公司的股东知情权纠纷一案。</span></span><span style=\"font-size:16px;\"></span>\r\n</p>', null, '0', '2019-04-23 23:34:38', '1', '2019-04-27 11:02:12', '1', null, null, null, null, null, null);
INSERT INTO `section_info` VALUES ('14', '7', null, null, '2019-04-27 11:03:06', '1', null, '', '2019-02-25 03:00 在第三法庭依法公开开庭审理', '2019-02-25 03:00 在第三法庭依法公开开庭审理', '<p style=\"font-size:24px;text-align:center;color:#23272B;font-family:&quot;\">\r\n	抚州市临川区人民法院 开庭公告\r\n</p>\r\n<p style=\"font-size:24px;text-align:center;color:#23272B;font-family:&quot;\">\r\n	<br />\r\n</p>\r\n<p style=\"font-size:24px;text-align:center;color:#23272B;font-family:&quot;\">\r\n	<span style=\"color:#464B4F;font-family:&quot;font-size:16px;background-color:#FFFFFF;\">我院定于2019-02-26 09:00 在第二法庭依法公开开庭审理 原告:陈志民;被告:刘军敏,刘军辉的租赁合同纠纷一案。</span>\r\n</p>', null, '0', '2019-04-27 11:03:06', '1', null, null, null, null, null, null, null, null);
INSERT INTO `section_info` VALUES ('15', '7', null, null, '2019-04-27 11:03:43', '1', null, '', '第九法庭依法公开开庭审理 原告:中国农业银行股份有限公司新余分行', '第九法庭依法公开开庭审理 原告:中国农业银行股份有限公司新余分行', '<p style=\"font-size:24px;text-align:center;color:#23272B;font-family:&quot;\">\r\n	抚州市临川区人民法院 开庭公告\r\n</p>\r\n<p style=\"font-size:24px;text-align:center;color:#23272B;font-family:&quot;\">\r\n	<br />\r\n</p>\r\n<p style=\"font-size:24px;text-align:center;color:#23272B;font-family:&quot;\">\r\n	<br />\r\n</p>\r\n<p style=\"font-size:24px;text-align:center;color:#23272B;font-family:&quot;\">\r\n	<span style=\"color:#464B4F;font-family:&quot;font-size:16px;background-color:#FFFFFF;\">我院定于2019-02-26 09:00 在第二法庭依法公开开庭审理 原告:陈志民;被告:刘军敏,刘军辉的租赁合同纠纷一案。</span>\r\n</p>', null, '0', '2019-04-27 11:03:43', '1', null, null, null, null, null, null, null, null);
INSERT INTO `section_info` VALUES ('16', '7', null, null, '2019-04-27 11:04:18', '1', null, '', '本院审判庭第六审判庭依法公开开庭审理 原告:李志根;被告:占从先,张建中,乐平市盛宏汽车运', '本院审判庭第六审判庭依法公开开庭审理 原告:李志根;被告:占从先,张建中,乐平市盛宏汽车运', '<h2 style=\"font-size:24px;text-align:center;color:#23272B;font-family:&quot;\">\r\n	抚州市临川区人民法院 开庭公告\r\n</h2>\r\n<p>\r\n	<br />\r\n</p>\r\n<p>\r\n	<span style=\"color:#464B4F;font-family:&quot;font-size:18px;background-color:#FFFFFF;\">我院定于2019-02-25 03:00 在第三法庭依法公开开庭审理 原告:熊君;被告:江西晨烨生态园林有限公司的股东知情权纠纷一案。</span><span style=\"font-size:18px;\"></span>\r\n</p>', null, '0', '2019-04-27 11:04:18', '1', null, null, null, null, null, null, null, null);
INSERT INTO `section_info` VALUES ('17', '7', null, null, '2019-04-27 11:04:54', '1', null, '', '本院西区204法庭依法公开审理韦正强诉王二杰等买卖合同纠纷一案', '本院西区204法庭依法公开审理韦正强诉王二杰等买卖合同纠纷一案', '<p style=\"font-size:24px;text-align:center;color:#23272B;font-family:&quot;\">\r\n	宁夏回族自治区银川市中级人民法院 开庭公告\r\n</p>\r\n<p style=\"font-size:24px;text-align:center;color:#23272B;font-family:&quot;\">\r\n	<span style=\"color:#464B4F;font-family:&quot;font-size:16px;background-color:#FFFFFF;\">院定于2019年01月14日 09时40分在本院西区204法庭依法公开审理韦正强诉王二杰等买卖合同纠纷一案。</span>\r\n</p>\r\n<p style=\"font-size:24px;text-align:center;color:#23272B;font-family:&quot;\">\r\n	<br />\r\n</p>', null, '0', '2019-04-27 11:04:54', '1', null, null, null, null, null, null, null, null);
INSERT INTO `section_info` VALUES ('18', '12', null, null, '2019-04-27 11:12:18', '1', null, '', '习近平集体会见出席海军成立70周年多国海军活动外方代表团团长', '习近平集体会见出席海军成立70周年多国海军活动外方代表团团长', '<p style=\"font-size:18px;color:#333333;font-family:&quot;background-color:#FFFFFF;\">\r\n	国家主席、中央军委主席习近平23日上午在青岛集体会见了应邀出席中国人民解放军海军成立70周年多国海军活动的外方代表团团长，代表中国政府和军队向出席活动的各国海军官兵表示热烈欢迎。\r\n</p>\r\n<p style=\"font-size:18px;color:#333333;font-family:&quot;background-color:#FFFFFF;text-align:center;\">\r\n	<img alt=\"\" src=\"http://www.dtdjzx.gov.cn/u/cms/dtdjzx/201904/23152746p96m.jpg\" style=\"height:356px;width:600px;\" />\r\n</p>\r\n<p style=\"font-size:18px;color:#333333;font-family:&quot;background-color:#FFFFFF;\">\r\n	<span style=\"font-size:16px;\"><span style=\"font-family:kaiti;\">&emsp;&emsp;4月23日上午，国家主席、中央军委主席习近平在青岛集体会见应邀出席中国人民解放军海军成立70周年多国海军活动的外方代表团团长，代表中国政府和军队向出席活动的各国海军官兵表示热烈欢迎。图为会见前，习近平同应邀出席中国人民解放军海军成立70周年多国海军活动的外方代表团团长合影。 新华社记者 李刚 摄</span></span>\r\n</p>\r\n<p style=\"font-size:18px;color:#333333;font-family:&quot;background-color:#FFFFFF;\">\r\n	&emsp;&emsp;习近平说，海洋对于人类社会生存和发展具有重要意义。海洋孕育了生命、联通了世界、促进了发展。我们人类居住的这个蓝色星球，不是被海洋分割成了各个孤岛，而是被海洋连结成了命运共同体，各国人民安危与共。海洋的和平安宁关乎世界各国安危和利益，需要共同维护，倍加珍惜。中国人民热爱和平、渴望和平，坚定不移走和平发展道路。中国坚定奉行防御性国防政策，倡导树立共同、综合、合作、可持续的新安全观。中国军队始终高举合作共赢旗帜，致力于营造平等互信、公平正义、共建共享的安全格局。海军作为国家海上力量主体，对维护海洋和平安宁和良好秩序负有重要责任。大家应该相互尊重、平等相待、增进互信，加强海上对话交流，深化海军务实合作，走互利共赢的海上安全之路，携手应对各类海上共同威胁和挑战，合力维护海洋和平安宁。\r\n</p>\r\n<p style=\"font-size:18px;color:#333333;font-family:&quot;background-color:#FFFFFF;text-align:center;\">\r\n	<img alt=\"\" src=\"http://www.dtdjzx.gov.cn/u/cms/dtdjzx/201904/23152802ixxt.jpg\" style=\"height:389px;width:600px;\" />\r\n</p>\r\n<p style=\"font-size:18px;color:#333333;font-family:&quot;background-color:#FFFFFF;\">\r\n	<span style=\"font-family:kaiti;\"><span style=\"font-size:16px;\">&emsp;&emsp;4月23日上午，国家主席、中央军委主席习近平在青岛集体会见应邀出席中国人民解放军海军成立70周年多国海军活动的外方代表团团长，代表中国政府和军队向出席活动的各国海军官兵表示热烈欢迎。 新华社记者 李刚 摄</span></span>\r\n</p>\r\n<p style=\"font-size:18px;color:#333333;font-family:&quot;background-color:#FFFFFF;\">\r\n	&emsp;&emsp;习近平指出，当前，以海洋为载体和纽带的市场、技术、信息、文化等合作日益紧密，中国提出共建21世纪海上丝绸之路倡议，就是希望促进海上互联互通和各领域务实合作，推动蓝色经济发展，推动海洋文化交融，共同增进海洋福祉。中国军队愿同各国军队一道，为促进海洋发展繁荣作出积极贡献。\r\n</p>\r\n<p style=\"font-size:18px;color:#333333;font-family:&quot;background-color:#FFFFFF;\">\r\n	&emsp;&emsp;习近平表示，我们要像对待生命一样关爱海洋。中国全面参与联合国框架内海洋治理机制和相关规则制定与实施，落实海洋可持续发展目标。中国高度重视海洋生态文明建设，持续加强海洋环境污染防治，保护海洋生物多样性，实现海洋资源有序开发利用，为子孙后代留下一片碧海蓝天。中国海军将一如既往同各国海军加强交流合作，积极履行国际责任义务，保障国际航道安全，努力提供更多海上公共安全产品。\r\n</p>\r\n<p style=\"font-size:18px;color:#333333;font-family:&quot;background-color:#FFFFFF;\">\r\n	&emsp;&emsp;习近平说，海纳百川、有容乃大。国家间要有事多商量、有事好商量，不能动辄就诉诸武力或以武力相威胁。各国应坚持平等协商，完善危机沟通机制，加强区域安全合作，推动涉海分歧妥善解决。这次多国海军活动，将召开以“构建海洋命运共同体”为主题的高层研讨会，希望大家集思广益、增进共识，努力为推动构建海洋命运共同体贡献智慧。\r\n</p>\r\n<p style=\"font-size:18px;color:#333333;font-family:&quot;background-color:#FFFFFF;\">\r\n	&emsp;&emsp;泰国海军司令乐猜海军上将代表来华参加中国人民解放军海军成立70周年多国海军活动的各国代表团团长，对习近平主席拨冗会见表示衷心感谢。他说，热烈祝贺中国人民解放军海军成立70周年，感谢中国政府、军队和海军在推进构建人类命运共同体，包括海洋命运共同体方面作出的积极贡献和不懈努力，坚信海洋命运共同体理念和倡议必将推动各国海军携手合作，为维护海洋和平与繁荣作出时代的贡献。\r\n</p>\r\n<p style=\"font-size:18px;color:#333333;font-family:&quot;background-color:#FFFFFF;\">\r\n	&emsp;&emsp;会见前，习近平同出席海军成立70周年多国海军活动外方代表团团长合影。\r\n</p>', null, '0', '2019-04-27 11:12:18', '1', null, null, null, null, null, null, null, null);
INSERT INTO `section_info` VALUES ('19', '12', null, null, '2019-04-27 11:12:42', '1', null, '', '省委常委会扩大会议学习习近平总书记重要讲话精神', '省委常委会扩大会议学习习近平总书记重要讲话精神', '<p class=\"title-in\" style=\"text-align:center;font-weight:bolder;font-size:18px;color:#333333;font-family:&quot;background-color:#FFFFFF;\">\r\n	省委常委会扩大会议学习习近平总书记重要讲话精神，<br />\r\n研究分析一季度经济社会发展形势<br />\r\n坚定信心保持定力担当作为<br />\r\n扎实推动高质量发展\r\n</p>\r\n<p style=\"font-size:18px;color:#333333;font-family:&quot;background-color:#FFFFFF;\">\r\n	&emsp;&emsp;4月24日上午，省委常委会召开扩大会议，学习习近平总书记在4月19日中央政治局会议和在重庆考察并主持召开解决“两不愁三保障”突出问题座谈会时的重要讲话精神，研究贯彻落实意见；研究分析我省一季度经济社会发展形势，对下步工作作出部署安排。\r\n</p>\r\n<p style=\"font-size:18px;color:#333333;font-family:&quot;background-color:#FFFFFF;\">\r\n	&emsp;&emsp;省委书记刘家义主持会议并讲话。\r\n</p>\r\n<p style=\"font-size:18px;color:#333333;font-family:&quot;background-color:#FFFFFF;\">\r\n	&emsp;&emsp;会议指出，今年以来，在以习近平同志为核心的党中央坚强领导下，全省上下坚持以习近平新时代中国特色社会主义思想为指导，认真贯彻落实习近平总书记重要指示和党中央决策部署，坚持新发展理念，坚持供给侧结构性改革，坚持稳中求进工作总基调，做实做细“巩固、增强、提升、畅通”八字方针，统筹抓好稳增长、促改革、调结构、惠民生、防风险、保稳定各项工作，深入实施新旧动能转换、乡村振兴、海洋强省等八大发展战略，一季度全省经济运行继续保持在合理区间，高质量发展势头良好，呈现总体平稳、稳中有变、变中有忧、忧中向好的基本特征，符合预期，实现平稳开局。\r\n</p>\r\n<p style=\"font-size:18px;color:#333333;font-family:&quot;background-color:#FFFFFF;\">\r\n	&emsp;&emsp;会议强调，虽然当前经济运行仍面临不少困难和挑战，外部环境总体趋紧，但经济发展的有利因素在逐步集聚，我省正面临重大发展机遇，社会预期逐步提升，各类市场主体发展信心进一步增强，广大干部干事创业的积极性全面激发。全省各级各部门要深入贯彻落实全省经济工作会议精神，坚定发展信心，保持战略定力，积极主动作为，无论遇到多大困难，决不动摇加快新旧动能转换、促进高质量发展的决心，以咬定青山不放松的劲头和一往无前的勇气，头拱地往前冲，努力争取更多当期发展成果，为今后发展打下坚实基础。\r\n</p>\r\n<p style=\"font-size:18px;color:#333333;font-family:&quot;background-color:#FFFFFF;\">\r\n	&emsp;&emsp;会议要求，要重点做好五个方面工作。一要坚定不移走高质量发展之路，在产业升级上持续发力，在科技创新上加压奋进，在特色优势上抢占制高点。二要坚定不移做好“六稳”工作，着力提高“双招双引”实效，着力破解项目落地的“卡脖子”因素，加快推进重大项目建设。要坚持房子是用来住的、不是用来炒的定位，推动房地产市场平稳健康发展。三要坚定不移防范化解金融风险等各类重大风险，积极稳妥化解政府性债务，高度重视和加强安全生产，维护社会和谐稳定。四要坚定不移深化改革开放，加快推进制度创新，构建亲清政商关系，加大国企改革力度，着力打造对外开放新高地。要坚决做好严守耕地红线和整治违建别墅、大棚房、违规围填海、非法坟墓等工作，依法文明阳光执法，依纪依规严肃问责。五要坚定不移转作风强担当抓落实，以坚强党性担当作为，以提升能力担当作为，以良好作风担当作为，以考核激励担当作为，确保党中央决策部署和省委要求落到实处。\r\n</p>\r\n<p style=\"font-size:18px;color:#333333;font-family:&quot;background-color:#FFFFFF;\">\r\n	&emsp;&emsp;会议指出，打赢脱贫攻坚战是广大干部的重大政治责任和历史使命，必须深入学习习近平总书记重要讲话精神，结合我省实际抓好贯彻落实。要紧紧围绕“两不愁三保障”要求，切实巩固脱贫成果，更加注重做好特殊困难群体生活保障工作，细化实化各项举措，坚决完成脱贫攻坚任务。\r\n</p>\r\n<p style=\"font-size:18px;color:#333333;font-family:&quot;background-color:#FFFFFF;\">\r\n	&emsp;&emsp;会议强调，宣传工作是党的一项极端重要的工作，各级党委（党组）要高度重视宣传思想工作，主要负责同志要切实担负起第一责任人责任，牢牢把握主动权、守住主阵地，切实推动《中国共产党宣传工作条例》各项规定落实落地。\r\n</p>', null, '0', '2019-04-27 11:12:42', '1', null, null, null, null, null, null, null, null);
INSERT INTO `section_info` VALUES ('20', '12', null, null, '2019-04-27 11:13:16', '1', null, '', '王可： 在脱贫攻坚和乡村振兴中担当作为奋发有为', '王可： 在脱贫攻坚和乡村振兴中担当作为奋发有为', '<p style=\"font-size:18px;color:#333333;font-family:&quot;background-color:#FFFFFF;\">\r\n	4月25日，省直单位第四轮第一书记培训班在临沂开班，省委常委、组织部长王可出席开班式并讲话。\r\n</p>\r\n<p style=\"font-size:18px;color:#333333;font-family:&quot;background-color:#FFFFFF;\">\r\n	&emsp;&emsp;王可指出，选派第一书记抓党建促脱贫攻坚、促乡村振兴，是深入学习贯彻习近平总书记视察山东重要讲话、重要指示批示精神的重要举措，是坚决打赢脱贫攻坚战、打造乡村振兴齐鲁样板和培养锻炼干部的机制性安排。今明两年，是我省全面完成脱贫攻坚任务的决胜期，也是脱贫攻坚与实施乡村振兴战略的交汇期。广大第一书记要提高政治站位，牢记职责使命，当好党的政策宣传队、农村党建工作队、脱贫振兴施工队、为民办事服务队，勇做新时代泰山“挑山工”，把汗水洒在农村的广袤大地，在脱贫攻坚和乡村振兴中担当作为、奋发有为。对第一书记群众很期盼也很关注，要时刻从严要求自己，多干实事、不添麻烦、严守纪律，做组织放心、群众满意的第一书记。选派挂职县（市、区）党委副书记，要以身作则、带好队伍，当好前线指挥。各地各单位要加强指导、做好后盾，为第一书记开展工作提供有力保障。（张春晓）\r\n</p>', null, '0', '2019-04-27 11:13:16', '1', null, null, null, null, null, null, null, null);
INSERT INTO `section_info` VALUES ('21', '15', null, null, '2019-04-27 11:30:16', '1', null, '', '聚焦共融共建共治共享 把社区党建融入民心融入日常', '聚焦共融共建共治共享 把社区党建融入民心融入日常', '<p style=\"font-size:32px;font-family:微软雅黑;text-align:center;\">\r\n	烟台市福山区万科社区：聚焦共融共建共治共享 把社区党建融入民心融入日常\r\n</p>\r\n<p style=\"text-align:left;font-size:32px;font-family:微软雅黑;\">\r\n	<p style=\"font-size:18px;color:#333333;font-family:&quot;background-color:#FFFFFF;\">\r\n		&emsp;烟台市福山区万科社区成立于2014年7月，共有居民3998户、9580人，党员199名，辖区企业32家。社区自成立以来，始终以居民得实惠为目的、以群众满意为标准，秉持“党建引领、共融共建、共治共享”的理念，积极探索城市社区基层党建工作新路径。\r\n	</p>\r\n	<p style=\"font-size:18px;color:#333333;font-family:&quot;background-color:#FFFFFF;\">\r\n		<strong>&emsp;&emsp;突出区域共融，构建“融入管理、发展共谋”组织体系</strong>\r\n	</p>\r\n	<p style=\"font-size:18px;color:#333333;font-family:&quot;background-color:#FFFFFF;\">\r\n		&emsp;&emsp;始终坚持把城市社区党建作为一个有机整体，统筹谋划、协调联动、整体推进，推动传统社区党建与驻区单位、新兴领域党建相融合。\r\n	</p>\r\n	<p style=\"font-size:18px;color:#333333;font-family:&quot;background-color:#FFFFFF;\">\r\n		&emsp;&emsp;建立区域党建工作机构。成立社区综合党委，由社区党组织书记担任社区综合党委书记，吸收驻社区机关、企事业单位、“两新”组织党组织负责人等兼任社区综合党委委员，以健全的组织体系引领社区各项工作开展。共建立直管党支部3个，物业党支部1个、网格党支部11个，下设18个党小组，吸纳党员282名，构建起无缝隙、全覆盖的组织网络。\r\n	</p>\r\n	<p style=\"font-size:18px;color:#333333;font-family:&quot;background-color:#FFFFFF;\">\r\n		&emsp;&emsp;建立党建联席会议制度。社区党组织与辖区企事业单位建立起共融共建关系，以“民主议事、民主干事、互惠互利、和谐共建”为主题每月召开一次联席会议，共商涉及区域党建、公益事业、社区治安等重大事项，发挥社区综合党委统筹整合、牵头抓总作用。截至目前，累计召开联席会议6次，协商解决各类民生问题12件。\r\n	</p>\r\n	<p style=\"font-size:18px;color:#333333;font-family:&quot;background-color:#FFFFFF;\">\r\n		&emsp;&emsp;建立考核评价机制。对驻区单位党组织参与社区党建工作情况进行定期互议互评，纳入考核各基层党组织特别是党组织书记抓党建评议考核的重要内容，驻区单位各类创建活动要广泛征求社区综合党委意见。\r\n	</p>\r\n	<p style=\"font-size:18px;color:#333333;font-family:&quot;background-color:#FFFFFF;\">\r\n		<strong>&emsp;&emsp;突出区域共建，构建“融汇力量、有序运转”保障体系</strong>\r\n	</p>\r\n	<p style=\"font-size:18px;color:#333333;font-family:&quot;background-color:#FFFFFF;\">\r\n		&emsp;&emsp;社区综合党委坚持将各部门投向社区的政策、资金、项目统筹整合使用，实现资源社会化和效益最大化。\r\n	</p>\r\n	<p style=\"font-size:18px;color:#333333;font-family:&quot;background-color:#FFFFFF;\">\r\n		&emsp;&emsp;队伍共育。统筹整合区域内各方力量，不断壮大社区专职工作者、社区网格员、社会组织队伍和志愿者服务队伍，定期相互交流、取长补短。随着全区全民爱心活动的广泛开展，社区13个志愿服务队围绕老年人、妇女、儿童、残疾人四大群体共开展各种送温暖活动93余次，为社区21名孩子送去了羽绒服、书包及学习用品，涌现出“烟台市见义勇为先进个人”栾骏赛等先进典型。\r\n	</p>\r\n	<p style=\"font-size:18px;color:#333333;font-family:&quot;background-color:#FFFFFF;\">\r\n		&emsp;&emsp;阵地共用。发挥社区综合党委统筹整合功能，推动驻区单位、万科物业、万科地产、小红花幼儿园、卫生服务站、残疾人康复中心、89000馨悦居家养老等将活动场地、服务设施向社区居民和单位定点免费开放，有效解决居民文化活动场地、设备设施不足的问题。利用区里实施城市社区党组织服务功能提升工程的契机，先后投入200多万元高规格、大手笔打造占地1360平方米的党员活动中心，在内部功能室建设上重点建立“党员365”工作室，打造“党员365”工作品牌，开展党员服务群众活动，展现党员风采，建立了爱心服务站和特色爱心墙，为居民提供最及时最贴心的服务。\r\n	</p>\r\n	<p style=\"font-size:18px;color:#333333;font-family:&quot;background-color:#FFFFFF;\">\r\n		&emsp;&emsp;经费共筹。在区里每年提供30万元社区党组织服务群众专项经费的基础上，把各部门关于社区的政策、资金、项目整合起来统筹使用，多渠道解决社区工作经费和活动经费。\r\n	</p>\r\n	<p style=\"font-size:18px;color:#333333;font-family:&quot;background-color:#FFFFFF;\">\r\n		<strong>&emsp;&emsp;突出区域共治，构建“融洽感情、和谐共创”运行体系</strong>\r\n	</p>\r\n	<p style=\"font-size:18px;color:#333333;font-family:&quot;background-color:#FFFFFF;\">\r\n		&emsp;&emsp;始终坚持以社区基层党建带动基层治理创新，提升党组织引领现代治理和服务凝聚群众的能力。\r\n	</p>\r\n	<p style=\"font-size:18px;color:#333333;font-family:&quot;background-color:#FFFFFF;\">\r\n		&emsp;&emsp;多元治理主体形成合力。建立社区共治理事会，性质为社区综合党委领导下的社区志愿性、公益性、非营利性社会组织，成员单位包括社区居委会、驻社区机关企事业单位、社会组织、社工服务机构和社区居民代表等。社区志愿共治理事会成立后，通过强化成员单位互助、建设共有文化、设立社区基金等方式，有效提升了社区多方主体的参与意识，初步建立了多方主体共同参与社区治理新格局。截至目前，共召开理事会议6次，解决贫困家庭孩子上幼儿园等难题17件。\r\n	</p>\r\n	<p style=\"font-size:18px;color:#333333;font-family:&quot;background-color:#FFFFFF;\">\r\n		&emsp;&emsp;线上智能平台便民利民。利用可视党建远程服务系统的民情反应、党员服务、公益活动、宣传引导等功能，开展远程党的十九大教学、健康知识讲座、民情反馈等一系列活动，社区党员群众足不出户就可接受教育，反馈问题。巧搭“互联网+”顺风车，大力实施微信“五群工作法”，利用好区总群、镇分群、社区群、网格群、联户群这五个层级的微信群，解决居民诉求。\r\n	</p>\r\n	<p style=\"font-size:18px;color:#333333;font-family:&quot;background-color:#FFFFFF;\">\r\n		&emsp;&emsp;线下特色活动凝聚人心。连续举办两届主题为“缔造真情邻里，构建和谐社区”的邻里节活动，促进了社区和谐，形成了“团结、互助、包容、祥和”的新型邻里关系；联合烟台母亲教育中心、福山园总工会举办母亲教育讲堂5期，联合福山电视台影视工作室、小红花幼儿园举办“全家总动员亲子活动”“生命之树”活动9次，密切了家庭关系；广泛开展“法德讲堂”“心理辅导”“党章知识竞赛”等活动，陶冶了社区居民情操。通过特色活动的广泛开展，引导驻区单位和居民树立以社区为家的理念，紧紧团结在了党组织周围。\r\n	</p>\r\n	<p style=\"font-size:18px;color:#333333;font-family:&quot;background-color:#FFFFFF;\">\r\n		<strong>&emsp;&emsp;突出区域共享，构建“融合理念、各方受益”服务体系</strong>\r\n	</p>\r\n	<p style=\"font-size:18px;color:#333333;font-family:&quot;background-color:#FFFFFF;\">\r\n		&emsp;&emsp;始终坚持把服务作为社区党建工作的出发点和落脚点，以供给侧改革思维和分享经济思维开展服务。\r\n	</p>\r\n	<p style=\"font-size:18px;color:#333333;font-family:&quot;background-color:#FFFFFF;\">\r\n		&emsp;&emsp;精准对接供需。结合联村联户心连心工作，建立社区民情民意反馈台账、辖区单位双向服务台账，深入各楼栋、辖区单位、企业、商铺等开展面对面、心贴心交流，收集需求清单和意见建议，驻区单位、企业、社区居民有什么需求一目了然。\r\n	</p>\r\n	<p style=\"font-size:18px;color:#333333;font-family:&quot;background-color:#FFFFFF;\">\r\n		&emsp;&emsp;精准调配资源。引入社会组织认领社区为民服务项目，实现了社区与社会组织的有效对接，既提高了社区党组织服务群众的精准度和专业化，也为社会组织深入社区开展活动，发挥社区治理多元主体作用提供了平台，促进了社会组织的成长进步。2018年以来，累计引入5家社会组织到社区开展各类为民服务活动110场次，受益群众1.5万人。\r\n	</p>\r\n	<p style=\"font-size:18px;color:#333333;font-family:&quot;background-color:#FFFFFF;\">\r\n		&emsp;&emsp;精准激励回馈。建立“一公开两反馈”机制，将驻区企事业单位到社区服务情况定期公开，并向上级党工委及时反馈，作为个人和单位评先选优的重要参考。（中共烟台市福山区委组织部）\r\n	</p>\r\n</p>\r\n<p style=\"font-size:32px;font-family:微软雅黑;text-align:center;\">\r\n	<br />\r\n</p>', null, '0', '2019-04-27 11:30:16', '1', null, null, null, null, null, null, null, null);
INSERT INTO `section_info` VALUES ('22', '13', null, null, '2019-04-27 11:30:46', '1', null, '', '莒南县坊前镇：把好“两新”组织发展党员“三关” 守好入党动机“门槛”', '莒南县坊前镇：把好“两新”组织发展党员“三关” 守好入党动机“门槛”', '<p style=\"font-size:18px;color:#333333;font-family:&quot;background-color:#FFFFFF;text-indent:2em;\">\r\n	为进一步加强“两新”组织党组织发展党员工作的规范化管理，努力建设一支数量充足、质量较高的“两新”组织党组织入党积极分子队伍，不断提高发展党员工作质量，临沂市莒南县坊前镇积极在全镇9个“两新”组织党组织中开展入党积极分子联合审查工作，把好发展党员“三关”，守好入党动机“门槛”。\r\n</p>\r\n<p style=\"font-size:18px;color:#333333;font-family:&quot;background-color:#FFFFFF;text-indent:2em;\">\r\n	<strong>把好思想政治关。</strong>思想上，入党积极分子必须不忘初心，不断加强思想政治建设，解决好世界观、人生观、价值观这个“总开关”问题。政治上，入党积极分子应该有突出的政治觉悟和政治能力，尤其是在大是大非问题面前站对立场、表明态度，牢固树立“四个意识”和“四个自信”，坚决维护党中央权威和集中统一领导。自查上，入党积极分子要对照党章、对标先模人物，重点从入党动机、思想政治、道德品行、理论素养、思想汇报等方面开展自査。\r\n</p>\r\n<p style=\"font-size:18px;color:#333333;font-family:&quot;background-color:#FFFFFF;text-indent:2em;\">\r\n	<strong>把好教育培养关。</strong>第一，因地制宜，各党支部结合当前的“两学一做”学习教育常态化制度化工作，结合不同群体、不同行业入党积极分子的特点，制定有针对性的培养教育计划，进一步加强对入党积极分子的教育管理。第二，多措并举，通过采取党校培训、入党前短期集中培训、社会实践、志愿服务、谈心谈话等多种方式，加强入党积极分子的理论培训和实践锻炼。第三，动态管理，各支部及时调整不合格人员，做好入党积极分子工作岗位变动时的衔接工作，确保党支部的入党积极分子符合发展党员有关规定。\r\n</p>\r\n<p style=\"font-size:18px;color:#333333;font-family:&quot;background-color:#FFFFFF;text-indent:2em;\">\r\n	<strong>把好联合审查关。</strong>根据《中共莒南县委组织部关于印发&lt;规范和完善发展党员工作十项制度（试行）&gt;的通知》文件要求，执行发展党员联合审查制度。镇党委组织公安、纪委、卫计、人社、信访、法院、政法、统战、国土等9个部门对发展党员情况进行联合审查，防止“带病入党”。通过各部门联合审查，结合全镇工作实际，经研究，取消了3名人员的入党积极分子资格。同时，镇党委重视入党积极分子质量，一是坊前镇党委在党员发展过程中，严把入党积极分子的推荐确定、培养教育；二是通过查阅入党积极分子相关档案和座谈了解等方式，对所辖各“两新”组织党组织推荐积极分子的程序合规性进行全面排查；三是结合积极分子半年写实工作，重点对各支部积极分子写实情况和落实培养措施情况进行排査。坚决做到培养时间不够的不发展、没有参加培训的不发展，材料不齐全的不发展，联合审查不过关的不发展，未经公示的不发展。（中共莒南县委组织部）\r\n</p>', null, '0', '2019-04-27 11:30:46', '1', null, null, null, null, null, null, null, null);
INSERT INTO `section_info` VALUES ('23', '13', null, null, '2019-04-27 11:31:21', '1', null, '', '第五期山东干部讲堂开讲', '第五期山东干部讲堂开讲', '<p class=\"title-in\" style=\"text-align:center;font-weight:bolder;font-size:18px;color:#333333;font-family:&quot;background-color:#FFFFFF;\">\r\n	第五期山东干部讲堂开讲<br />\r\n刘家义龚正付志方杨东奇出席&nbsp;王择青讲授\r\n</p>\r\n<p style=\"font-size:18px;color:#333333;font-family:&quot;background-color:#FFFFFF;\">\r\n	&emsp;&emsp;4月13日上午，第五期山东干部讲堂在济南开讲，邀请清华大学公共管理学院行为与大数据实验室主任、首席专家王择青教授进行讲授。\r\n</p>\r\n<p style=\"font-size:18px;color:#333333;font-family:&quot;background-color:#FFFFFF;text-align:center;\">\r\n	<img alt=\"\" src=\"http://www.dtdjzx.gov.cn/u/cms/dtdjzx/201904/13200415rwsm.jpg\" style=\"height:460px;width:690px;\" />\r\n</p>\r\n<p style=\"font-size:18px;color:#333333;font-family:&quot;background-color:#FFFFFF;\">\r\n	&emsp;&emsp;省委书记刘家义，省委副书记、省长龚正，省政协主席付志方，省委副书记杨东奇出席。\r\n</p>\r\n<p style=\"font-size:18px;color:#333333;font-family:&quot;background-color:#FFFFFF;text-align:center;\">\r\n	<img alt=\"\" src=\"http://www.dtdjzx.gov.cn/u/cms/dtdjzx/201904/13195931gklu.jpg\" style=\"height:460px;width:690px;\" />\r\n</p>\r\n<p style=\"font-size:18px;color:#333333;font-family:&quot;background-color:#FFFFFF;\">\r\n	&emsp;&emsp;王择青教授以“公职人员心理健康与压力管理”为题，以科学心理学和大数据分析为基础，阐述了心理健康的重要性，介绍了心理压力的产生和作用机制，分析了领导干部应该如何进行个体心理健康维护，并就如何开展心理健康维护工作进行了具体讲授。\r\n</p>\r\n<p style=\"font-size:18px;color:#333333;font-family:&quot;background-color:#FFFFFF;text-align:center;\">\r\n	<img alt=\"\" src=\"http://www.dtdjzx.gov.cn/u/cms/dtdjzx/201904/132004538dxw.jpg\" style=\"height:460px;width:690px;\" />\r\n</p>\r\n<p style=\"font-size:18px;color:#333333;font-family:&quot;background-color:#FFFFFF;text-align:center;\">\r\n	<img alt=\"\" src=\"http://www.dtdjzx.gov.cn/u/cms/dtdjzx/201904/131959546aqd.jpg\" style=\"height:460px;width:690px;\" />\r\n</p>\r\n<p style=\"font-size:18px;color:#333333;font-family:&quot;background-color:#FFFFFF;\">\r\n	&emsp;&emsp;省委常委、宣传部部长关志鸥主持干部讲堂。他说，王择青教授的报告，既是专业的心理学辅导，又是悉心的工作指导，对于我们进一步做好干部心理健康工作，具有十分重要的指导意义。我们要从事业和全局高度出发，充分认识做好关心关怀干部心理健康工作的重要性和必要性，引导广大干部保持健康向上、积极乐观的心理状态，不断提高心理健康素养，以良好的精神状态和健康体魄高质量完成各项工作任务，为新时代现代化强省建设作出更大贡献。\r\n</p>\r\n<p style=\"font-size:18px;color:#333333;font-family:&quot;background-color:#FFFFFF;text-align:center;\">\r\n	<img alt=\"\" src=\"http://www.dtdjzx.gov.cn/u/cms/dtdjzx/201904/13200023grhc.jpg\" style=\"height:460px;width:690px;\" />\r\n</p>', null, '0', '2019-04-27 11:31:21', '1', null, null, null, null, null, null, null, null);
INSERT INTO `section_info` VALUES ('24', '8', null, null, '2019-04-27 11:37:20', '1', null, '', '探索推行“1145”工作机制 建立农村青年人才入党绿色渠道', '探索推行“1145”工作机制 建立农村青年人才入党绿色渠道', '<p style=\"font-size:18px;color:#333333;font-family:&quot;background-color:#FFFFFF;\">\r\n	&emsp;针对农村党员队伍结构不优、优秀青年人才入党渠道不畅、后备人才储备不足等问题，安丘市探索推行“1145”工作机制，构建起了农村青年人才党员教育、培养、发展的完整链条，为乡村振兴提供坚实的组织和人才保障。\r\n</p>\r\n<p style=\"font-size:18px;color:#333333;font-family:&quot;background-color:#FFFFFF;\">\r\n	&emsp;&emsp;<strong>成立1个青年人才党支部。</strong>打破行政村区划和隶属关系，以镇街区党（工）委为主体，设置1个青年人才党支部。对青年党员人数较多、条件允许的镇街区，分片区、产业、功能建立多个青年人才党支部。党支部书记由镇街区党（工）委组织委员担任，副书记由镇街区团（工）委书记担任，其他支部委员由镇街区素质高、能力强、作风硬的党员干部担任。按照“调查摸底、择优遴选、严格报批、组建班子”4个步骤，成立青年人才党支部，主要承担组织建设、队伍管理、后备干部培养、发展党员、乡村振兴发展等5个方面职责。\r\n</p>\r\n<p style=\"font-size:18px;color:#333333;font-family:&quot;background-color:#FFFFFF;\">\r\n	&emsp;&emsp;<strong>设立1处青年人才之家。</strong>由镇街区团（工）委牵头，同步建立青年人才之家。每年年底或年初，以18-40岁农村致富能手、专业合作组织负责人、回乡大中专毕业生、务工经商人员、退役军人等青年人才为重点，按照“个人申请、调查了解、镇街考察、备案管理”的步骤，从每个村遴选1-2名思想好、能致富、敢带头的青年人才，纳入青年人才信息库，编入青年人才之家动态管理。对镇级及以上的“优秀团干部”“优秀团员”“青年岗位能手”“最美青年志愿者”等先进个人，直接纳入青年人才之家管理。\r\n</p>\r\n<p style=\"font-size:18px;color:#333333;font-family:&quot;background-color:#FFFFFF;\">\r\n	&emsp;&emsp;<strong>推行4项培养考察机制。</strong>探索推行4项“1+1”培养考察机制，即：每月参加1次“理论学习+志愿服务”，深入学习政治理论和政策文件，并结合实际开展志愿服务；每季度开展1次“技术培训+实践锻炼”，邀请农业专家、技术人员等开展农业、农村知识技能培训，深入产业项目基地进行实践锻炼；每半年进行1次“思想汇报+择优推荐”，深入了解青年人才的思想动态、工作实绩和群众反映，对表现优秀的，及时推荐为入党积极分子；每年开展1次“评选表彰+动态调整”，选树一定数量“优秀青年人才”，经常联系、跟踪管理。\r\n</p>\r\n<p style=\"font-size:18px;color:#333333;font-family:&quot;background-color:#FFFFFF;\">\r\n	&emsp;&emsp;<strong>严格5个党员发展步骤。</strong>实施“五步工作法”，即：合理制定发展党员计划，择优确定入党积极分子，综合评价确定发展对象，从严审查接收预备党员，三方评定预备党员转正。认真了解青年人才的思想动态和现实表现，按照不低于1:5的比例，推荐确定入党积极分子。采取直接考察、到工作单位和务工地点延伸考察等方式，比选、推荐确定发展对象。接收预备党员前，分别在青年人才党支部、所在村对拟发展对象进行公示。预备党员转正前，组织所在村党组织成员、入党介绍人、党支部委员会成员进行评定。青年人才培养为正式党员后，在3个月内将党组织关系转接到所在村党组织，接受村级党组织的教育和管理。（中共安丘市委组织部）\r\n</p>', null, '0', '2019-04-27 11:37:20', '1', null, null, null, null, null, null, null, null);
INSERT INTO `section_info` VALUES ('25', '17', null, null, '2019-04-27 11:37:56', '1', null, '', '在老有所为中永葆党员本色', '在老有所为中永葆党员本色', '<p style=\"font-size:32px;font-family:微软雅黑;text-align:center;\">\r\n	济南市市中区大观园街道商埠挎包服务队：在老有所为中永葆党员本色\r\n</p>\r\n<p style=\"font-size:32px;font-family:微软雅黑;text-align:center;\">\r\n	<br />\r\n</p>\r\n<p style=\"text-align:left;font-size:32px;font-family:微软雅黑;\">\r\n	<p style=\"font-size:18px;color:#333333;font-family:&quot;background-color:#FFFFFF;text-indent:2em;\">\r\n		济南市市中区大观园街道商埠挎包服务队成立于2014年4月，是活跃在大观园街道的一支党员公益队伍，队员平均年龄65岁。近年来，商埠挎包服务队在队长李长才的组织和带领下，积极地开展“送学上门”、扶孤助残、清扫街院、治安巡逻等志愿活动，他们红色的队服、阳光的脚步、灿烂的笑脸、勤奋的身影，成为大观园辖区一道靓丽的风景！\r\n	</p>\r\n	<p align=\"center\" style=\"font-size:18px;color:#333333;font-family:&quot;background-color:#FFFFFF;\">\r\n		<img alt=\"\" src=\"http://www.dtdjzx.gov.cn/u/cms/dtdjzx/201903/15104949ya8w.jpg\" style=\"height:399px;width:600px;\" />\r\n	</p>\r\n	<p align=\"center\" style=\"font-size:18px;color:#333333;font-family:&quot;background-color:#FFFFFF;\">\r\n		<span style=\"font-family:kaiti;\"><span style=\"font-size:16px;\"><span>大观园街道挎包服务队</span></span></span>\r\n	</p>\r\n	<p style=\"font-size:18px;color:#333333;font-family:&quot;background-color:#FFFFFF;text-indent:2em;\">\r\n		<strong>“送学上门”暖人心，做党员学习的“带头人”</strong>\r\n	</p>\r\n	<p style=\"font-size:18px;color:#333333;font-family:&quot;background-color:#FFFFFF;text-indent:2em;\">\r\n		“活到老，学到老”是挎包服务队老党员们的口头禅，结合近期“学习强国”平台掀起的学习热潮，挎包队员们积极响应，纷纷拿起手机进行下载注册学习，在他们的带领下，“学习强国”手机软件已成为社区党员和群众学习的必备工具。\r\n	</p>\r\n	<p style=\"font-size:18px;color:#333333;font-family:&quot;background-color:#FFFFFF;text-indent:2em;\">\r\n		针对“老、弱、病、残”等不能正常参与组织生活的党员，社区综合党委在挎包队中选出一批政治素养高、表达能力强、宣讲经验丰富的老党员成立“商埠挎包宣讲队”，结合划片包户，通过“四个一”送学形式，即“一套学习资料、一张党员服务联心卡、一本便民服务手册、一本商埠民情日志”，进行“一对一”送学进家门服务，挎包队老党员们送学上门的形式不仅确保党的重要精神讲到位，更在走访中听到了广大群众的心意和诉求。\r\n	</p>\r\n	<p style=\"font-size:18px;color:#333333;font-family:&quot;background-color:#FFFFFF;text-indent:2em;\">\r\n		<strong>“三堂六步”聚民心，做党员群众的“代言人”</strong>\r\n	</p>\r\n	<p style=\"font-size:18px;color:#333333;font-family:&quot;background-color:#FFFFFF;text-indent:2em;\">\r\n		2016年，经二路社区综合党委紧跟群众利益诉求多元的新形势，探索出“三堂促协商、六步现民意”协商民主工作法，为居民搭建解忧解困平台。挎包队员作为党员骨干和议事会常任成员，既是收集群众意愿的“勤务员”、群众利益的“代言人”，更是基层协商民主的主力军。\r\n	</p>\r\n	<p style=\"font-size:18px;color:#333333;font-family:&quot;background-color:#FFFFFF;text-indent:2em;\">\r\n		2018年初，经三路70号院网格长袁老师向挎包队队长李长才反映：楼院照明系统年久失修，老人们晚上出行很不方便。针对该问题，挎包队成员牵头召开专题民主议事会，通过与街道分管领导、社区“两委”、议事会成员、网格长商议，决定使用街道群众工作经费为居民维修照明线路并更换照明灯，从根本上解决了老年居民晚上出不行不便的问题。\r\n	</p>\r\n	<p style=\"font-size:18px;color:#333333;font-family:&quot;background-color:#FFFFFF;text-indent:2em;\">\r\n		截至目前，挎包队参与基层协商民主议事50余次，落实更换院门、增设健身器材、双气入户、楼院提升等民生事项30余项，有效提升党员群众民主观念、自治意识和参与热情，确保辖区公共利益的“最大公约数”。\r\n	</p>\r\n	<p style=\"font-size:18px;color:#333333;font-family:&quot;background-color:#FFFFFF;text-indent:2em;\">\r\n		<strong>党建引领筑同心，做志愿服务的“领路人”</strong>\r\n	</p>\r\n	<p style=\"font-size:18px;color:#333333;font-family:&quot;background-color:#FFFFFF;text-indent:2em;\">\r\n		挎包队员们平日里身着统一印有“为人民服务”字样和毛主席头像的挎包走街串巷，包里装着理发用具、修理用具、抹布、铲子等各式各样的工具，哪家老人需要理发了，哪家水管不通了，哪家家电需要修理了，甚至哪家没时间接送孩子了，都能看到他们忙碌奉献的身影。\r\n	</p>\r\n	<p style=\"font-size:18px;color:#333333;font-family:&quot;background-color:#FFFFFF;text-indent:2em;\">\r\n		挎包队的队员中有退休党员、离休教师，有的身体患病、也有的来自失独家庭……虽然生活经历不同，但他们却凭着一股不服老的精神聚集在一起，从关爱邻里做起、从身边点滴小事做起，用平凡而真诚的善举，践行着“为人民服务”的承诺。2016年6月，独居老人董德广在家中突发脑溢血，生命垂危，挎包队银龄天天见分队入户走访及时发现并将董德广送往医院，由于抢救及时，挽回了董老爷子的生命。\r\n	</p>\r\n	<p style=\"font-size:18px;color:#333333;font-family:&quot;background-color:#FFFFFF;text-indent:2em;\">\r\n		挎包队的成员们虽已年逾古稀，但仍精神矍铄的用行动践行着自己的入党誓言，在他们的号召引领下，越来越多的中青年党员志愿者、退休人员参加到社区志愿活动中来，他们以社区为家，践行志愿精神、尽己所能、不计报酬、帮助他人、快乐自己，用无私奉献和辛勤劳动擦亮了泉城志愿服务的名片。\r\n	</p>\r\n	<p style=\"font-size:18px;color:#333333;font-family:&quot;background-color:#FFFFFF;text-indent:2em;\">\r\n		六年的时间里，商埠挎包服务队员们由最初的7、8个人增加到现在的70余人，他们坚持有求必应、挎包上门，在实现服务居民群众、调处邻里纠纷、监督公共事务、倡导文明民风中发挥共产党员的先锋模范作用。商埠挎包队的事迹先后被《济南日报》、《齐鲁晚报》、人民网、山东电视台等众多媒体相继报道，“商埠挎包队”也多次受到政府和媒体的表彰，先后荣获“济南市第三届责任市民”“济南市最佳志愿服务组织”“济南十大榜样——和谐邻里榜样”等荣誉称号，赢得了辖区百姓的交口称赞。（中共济南市市中区委组织部）\r\n	</p>\r\n</p>', null, '0', '2019-04-27 11:37:56', '1', null, null, null, null, null, null, null, null);
INSERT INTO `section_info` VALUES ('26', '17', null, null, '2019-04-27 11:38:21', '1', null, '', '莒南县板泉镇党委：“三结合”做好党员志愿服务活动', '莒南县板泉镇党委：“三结合”做好党员志愿服务活动', '<p style=\"font-size:18px;color:#333333;font-family:&quot;background-color:#FFFFFF;\">\r\n	为进一步做好党员志愿服务活动，临沂市莒南县板泉镇党委立足实际、突出重点，将党员志愿服务活动与党员承诺、主题党日、特色活动相结合，确保活动有亮点、有特色，有效推动了党员志愿服务活动的常态化。\r\n</p>\r\n<p style=\"font-size:18px;color:#333333;font-family:&quot;background-color:#FFFFFF;\">\r\n	&emsp;&emsp;<strong>一是与党员承诺践诺相结合。</strong>根据镇党委安排，全镇94个农村、“两新”组织和机关事业单位党支部均召开志愿服务专题会议，按照“年龄50周岁以下、有帮扶能力”的标准要求，组织了每名党员进行承诺践诺，按照“结合实际、就近服务、服务到位”的工作要求，每人每年进行1~2个主题志愿服务事项，并建立台帐。同时每位党员根据志愿服务主题，划分服务小组，全镇共划分服务小组22个，结合实际，每个小组设立组长、副组长，做好组织开展，涉及服务主题12个，有针对性地开展各类志愿服务活动。板泉镇党委积极宣传志愿服务效果，通过“今日板泉”微信公众号、板泉镇工作微信交流群等方式对党员志愿服务进行广泛宣传，形成良好的志愿服务氛围。\r\n</p>\r\n<p style=\"font-size:18px;color:#333333;font-family:&quot;background-color:#FFFFFF;\">\r\n	&emsp;&emsp;<strong>二是与主题党日相结合。</strong>灵活探索“主题党日”内容及形式。今年以来，板泉镇党委通过组织点题、支部列题、党员做题、群众议题的形式，具体化、精细化志愿服务活动。根据实际工作，将与群众生活息息相关的美丽乡村建设、环境综合整治、移风易俗、综治维稳、志愿帮扶等作为主题党日必须开展的活动。各党支部根据党委“点题”，结合支部工作实际，罗列出“乡村振兴，我来助力”“美丽乡村，筑梦有我”“我为洁净添彩”“移风易俗，党员先行”“社会稳定，党群协力”“志愿帮扶、党员带头”等活动主题；各党员根据各自工作行业、能力大小、职责范围自愿认领活动主题，形成党员志愿服务临时小组，集中开展志愿服务；根据党员志愿服务台账，组织、纪检定期开展“服务效果回头看”，对活动受益者、被帮扶者发放党员志愿服务活动评定表，评出“好、较好、一般、差”四个等次，并对活动效果差的党员志愿服务小组进行通报，确保志愿服务活动真服务、出实效。截至目前，全镇17个社区及下辖63个村党支部、9个机关事业单位党支部、22个“两新”组织党支部，已有序开展关爱贫困儿童、关心孤寡老人、关注弱势群体、帮扶贫困群众等志愿服务活动，为150名贫困儿童、230名孤寡老人送去了温暖与爱心，为15名有劳动能力的困难群众送去了工作岗位。\r\n</p>\r\n<p style=\"font-size:18px;color:#333333;font-family:&quot;background-color:#FFFFFF;\">\r\n	&emsp;&emsp;<strong>三是与特色活动相结合。</strong>板泉镇党委在做好“主题党日”党员志愿服务活动的同时，不断拓展党员志愿活动的内容及载体，创新运用“我们的节日”开展形式多样的志愿服务活动。结合板泉镇丰富的红色文化，开展了“主题教育我先行、点亮全镇我添彩”的红色之旅；结合板泉镇渊子崖村“中华抗日第一村”，开展“清明·追忆英烈”文明祭扫活动；结合“三八”国际劳动妇女节，组织巾帼党员开展“美在农家示范村、示范户”创建活动，走访慰问困难老人活动；还开展了“春节·党群欢乐闹新春”文艺晚会、“元宵·舞动乡村”广场舞比赛、“端午·品粽”为困难群众送粽子、“重阳·孝老爱亲人人有责”主题宣讲、“中秋·团圆”为孤寡老人送月饼等一系列特色活动，做实党员志愿服务，形成了全镇党员志愿服务百花争艳的态势，进一步提升了党员的整体形象。（中共莒南县委组织部）\r\n</p>', null, '0', '2019-04-27 11:38:21', '1', null, null, null, null, null, null, null, null);
INSERT INTO `section_info` VALUES ('27', '18', null, null, '2019-04-27 11:38:54', '1', null, '', '山东省优秀共产党员、梁山县小路口镇敬老院院长曹务泗：有一种爱叫陪伴', '山东省优秀共产党员、梁山县小路口镇敬老院院长曹务泗：有一种爱叫陪伴', '<p style=\"font-size:18px;color:#333333;font-family:&quot;background-color:#FFFFFF;text-indent:2em;\">\r\n	他在家乡担任了近20年村党支部书记，他又在敬老院干了30年敬老院院长，古稀之年的他尽管已经是儿孙满堂，至今依然坚持在工作岗位上，每天工作10个小时以上，没有双休日、节假日，只为了他所照顾的150余名五保老人有一个美好的晚年。他就是济宁市梁山县小路口镇敬老院院长曹务泗，作为一名农村普通共产党员，他始终牢记入党誓言，以超凡的毅力、用实际行动诠释人间大爱。\r\n</p>\r\n<p style=\"font-size:18px;color:#333333;font-family:&quot;background-color:#FFFFFF;text-indent:2em;\">\r\n	<strong>不是亲人、胜似亲人</strong>\r\n</p>\r\n<p style=\"font-size:18px;color:#333333;font-family:&quot;background-color:#FFFFFF;text-indent:2em;\">\r\n	每年母亲节，在小路口镇敬老院的餐厅里，都会举办一场特别的集体生日会。没有昂贵的生日礼物，却有真诚的祝福与关爱，曹务泗为老人们点亮了生日蜡烛，老人们在“祝你生日快乐”的祝福下，吹灭了生日蜡烛，吃着香甜的生日蛋糕，满是褶皱的脸上笑意如花。“为老人集体过生日，是敬老院长期坚持的一个传统”，曹务泗说：“这些孤寡老人，他们都是些苦人，他们无依无靠，来到这里，敬老院就是家！”小路口镇敬老院位于梁山县城西北方向约20公里，院里老人们每天就在这里，散步、娱乐、吃饭、谈天……日复一日，年复一年，直至终老。“在这里工作的人，如果没有爱心、耐心和细心，是很难坚持下去的”，副院长张清琢介绍说：“2013年腊月的一天，有一个叫赵立文的老人，不慎滑倒在厕所里，院长曹务泗把他从厕所背了出来，又把他身上的屎尿擦拭干净。说实在的，曹院长工作最认真，只要上班来了，他总是到每一名院民住处挨个跑一遍，做到心中有数。”\r\n</p>\r\n<p style=\"font-size:18px;color:#333333;font-family:&quot;background-color:#FFFFFF;text-indent:2em;\">\r\n	曹务泗今年75岁，在梁山县所有乡镇敬老院院长中，他是年龄最大的一位，也是担任院长时间最长的一位。事实上，担任敬老院院长，应该说是机缘巧合。在担任院长之前，他曾是小路口镇远近闻名的一名村党支部书记。“1960年响应党的号召，从梁山工农师范回到家乡梁庙村”，曹务泗说，他在村上先后任团支部书记，民兵指导员、村主任，1970年批准加入中国共产党，1971年担任党支部书记。小路口镇梁庙村位于黄河滩区，这里民风淳朴，敬老爱老风气浓厚。多年来耳濡目染父辈们一生勤劳节俭、乐于助人的品德使曹务泗受益匪浅，他凭借自己的耐心细心和公心，把村子治理的井井有条，样样工作都走在了全镇的前列，他本人也多次被评为县、镇的先进。就在这时，组织上却选择了他担任镇敬老院院长。选择曹务泗当敬老院院长，除了他的工作能力外，镇领导更看重的是他的孝心和爱心。1988年，曹务泗辞去干了近20年的村支部书记，成为小路口镇敬老院的院长。虽说是个院长，但在敬老院老人们眼里，曹务泗更像自己的亲人。他不仅要天天操心这些孤寡老人的生活起居，老人出现病痛时，还要为他们穿衣端饭，擦拭身体。面对一个个饱经风霜的老人，曹务泗深知肩上这副担子的沉重。用曹务泗的话说，人都有老的时候，残疾孤寡老人们没有子女照顾，更需要政府和社会的关心，作为一名党员干部，有职责、有义务去为这些老人服务，让他们真正感受到党和政府的温暖。\r\n</p>\r\n<p style=\"font-size:18px;color:#333333;font-family:&quot;background-color:#FFFFFF;text-indent:2em;\">\r\n	<strong>身先士卒、行胜于言</strong>\r\n</p>\r\n<p style=\"font-size:18px;color:#333333;font-family:&quot;background-color:#FFFFFF;text-indent:2em;\">\r\n	敬老院现入住的162名老人中，最大的90多岁，最小的也有60多岁，连曹务泗这个院长算上，也只有11名工作人员。敬老院里都是孤寡老人，无依无靠，而且有一部分是带有智障或肢残人，照料之难可想而知。曹务泗不仅是院里的主心骨，更是老人们的义务护工。作为院长，他把患有下肢瘫痪、脑血栓、老年痴呆等疾病的杨丕如、孙书兰、李凤芝、李庆荣、王邦举、师朝录等7名老人作为自己的护理对象，为他们下厨，做可口饭菜，煎药，喂送水送饭，按摩舒身，让老人不受委屈。老人大小便失禁，经常将屎尿糊在床单被套上，曹务泗不嫌脏、不嫌累，总是及时为老人换洗干净。几位老人感动地流着眼泪说：“曹院长，俺这辈子算是烧高香了，摊上你这样的一个好院长”。曹务泗经常对工作人员讲，咱们的工作就是为老人服务好，不管哪位老人不舒服，咱们都有责任。曹务泗历经院长职务近30年，过年过节，也只是回家匆匆吃上一口饭就往敬老院里赶。“越是过年过节，老人越需要关怀，不把老人的生活安排妥贴，总是放心不下。”他经常说，家家有老人，人人都会老。老人们的今天就是我们的明天，善待今天的老人就是造福我们的将来！\r\n</p>\r\n<p style=\"font-size:18px;color:#333333;font-family:&quot;background-color:#FFFFFF;text-indent:2em;\">\r\n	近年来，曹务泗在多方面对敬老院进行了改革，建立了院民公约，成立了五保供养工作管理领导小组，细化明确了院长职责，财务职责，保管员职责，炊事员职责，服务员职责，卫生员职责等各项职责。同时，招收了一批懂技术、责任心强的工作人员充实到工作岗位，在院内实行定责上岗、分工负责，民主管理，定期开展消防疏散演练及消防安全培训。一系列举措促使院内工作很快走上了制度化、规范化道路。宿舍已经由当初的几间瓦房变成了明净宏伟的院民楼，干净的院落里配齐了各类文娱设施。2009年12月敬老院被省民政厅评为一级敬老院，2012年2月被省民政厅评为服务机构一级敬老院，2013年被省民政厅、省老龄委评为省级文明三星敬老院。\r\n</p>\r\n<p style=\"font-size:18px;color:#333333;font-family:&quot;background-color:#FFFFFF;text-indent:2em;\">\r\n	<strong>最亏欠的就是家人</strong>\r\n</p>\r\n<p style=\"font-size:18px;color:#333333;font-family:&quot;background-color:#FFFFFF;text-indent:2em;\">\r\n	“养老送终”在农村是一个很在意的话题，曹务泗知道，这也是敬老院里许多老人的一个心结。他告诉老人们：“你们在这里开心地过好每一天，心里不要有所顾忌，你们病了，不能动了，我来照顾你们”。2015年年末，敬老院一位孤寡老人弥留之际，曹务泗坚持每天给他送饭、翻身，直到老人离去。然而由于工作忙，曹务泗的老伴因病连续住院四次，四次他都不在身边，直到最后老伴弥留之际才匆匆赶过去陪伴。据了解，曹务泗的老伴住院之后，就靠儿女在身边照顾，直到老伴病危。“早就该退休了，可我舍不得离开，在一起这么久，是真的有感情啊！”曹务泗说：“这些年，最亏欠的就是家人。儿女早就劝我不干了，但这些老人都是些苦命人，我哪天不能动了，还有儿女伺候着，可他们无儿无女，我是真的放心不下，我观看了影片《焦裕禄》，比起县委书记焦裕禄这样的人，我差得远了，只是觉得作为党员，趁着身体还行，我还要一直干下去。”\r\n</p>\r\n<p style=\"font-size:18px;color:#333333;font-family:&quot;background-color:#FFFFFF;text-indent:2em;\">\r\n	春秋轮回，30年的默默无闻、30年的风雨无阻，曹务泗先后陪伴200多名孤寡老人走完了人生最后一程。30年来，曹务泗没有惊天动地的事迹，有的只是重复着这样看似简单的工作，做好一件事并不难，难的是一辈子把一件事做好，而曹务泗，无疑便是这个一辈子把一件事做好的人。2016年6月，曹务泗同志被中共山东省委授予“山东省优秀共产党员”荣誉称号。（中共梁山县委组织部）\r\n</p>', null, '0', '2019-04-27 11:38:54', '1', null, null, null, null, null, null, null, null);
INSERT INTO `section_info` VALUES ('28', '18', null, null, '2019-04-27 11:39:21', '1', null, '', '宁津县保店镇黄镇村党支部书记詹荣玲：一心扑在工作上的女书记', '宁津县保店镇黄镇村党支部书记詹荣玲：一心扑在工作上的女书记', '<p style=\"font-size:18px;color:#333333;font-family:&quot;background-color:#FFFFFF;text-indent:2em;\">\r\n	在德州市宁津县保店镇，提到黄镇村，那是人人交口称赞。杂技文化和“大刀”文化的发祥地，600年树龄的“杨抱槐”蔚为奇观，党建广场铸就“红色教育基地”，省级美丽乡村示范村建设书写着乡村振兴的“黄镇”实践……这些成绩的背后离不开一位女支部书记的默默付出，她就是现任保店镇黄镇村党支部书记——詹荣玲。在工作中，她始终秉承“为民谋福祉，为村谋发展”的初心，带领村“两委”班子干事创业，用实际行动展现出巾帼不让须眉的气势，也得到了镇党委政府和广大村民的一致认可和称赞。\r\n</p>\r\n<p style=\"font-size:18px;color:#333333;font-family:&quot;background-color:#FFFFFF;text-indent:2em;text-align:center;\">\r\n	<strong><img alt=\"\" src=\"http://www.dtdjzx.gov.cn/u/cms/dtdjzx/201904/18111704j98y.jpg\" style=\"height:358px;width:600px;\" /></strong>\r\n</p>\r\n<p style=\"font-size:18px;color:#333333;font-family:&quot;background-color:#FFFFFF;text-indent:2em;\">\r\n	<strong>不负众望，成为千口人的“当家人”。</strong>詹荣玲正式参与村内工作，还要从4年前说起。时任黄镇村党支部书记因身患重病，村内许多事务都处于停滞状态。作为保店镇三个“人口过千”的大村之一，黄镇村亟需一个新的“当家人”。当时的黄镇村不但没有村集体收入，还有6万余元的债务，是个名副其实的“烂摊子”，镇上干部找到了当时正在学校照料小孙子的詹荣玲，她略有迟疑，担心自己能力不足，不能胜任村内工作。干部们做她的思想工作，詹荣玲思虑再三，终于下定决心，回村!\r\n</p>\r\n<p style=\"font-size:18px;color:#333333;font-family:&quot;background-color:#FFFFFF;text-indent:2em;\">\r\n	詹荣玲上任后就面对着收取农业水费，她深知，第一项工作干不好，以后的工作将很难开展。收费初始，大部分村民抱着“坐、等、看”的态度，也有一些钉子户、难缠户。顶着巨大的工作压力，詹荣玲同村干部一起，不分昼夜深入田间地头做工作，晓之以理，动之以情，按照解决一户、带动一片的方法，詹荣玲两天两夜没有休息，按时完成了水费收缴工作，新“当家人”也得到了全村老百姓的认可。\r\n</p>\r\n<p style=\"font-size:18px;color:#333333;font-family:&quot;background-color:#FFFFFF;text-indent:2em;text-align:center;\">\r\n	<strong><img alt=\"\" src=\"http://www.dtdjzx.gov.cn/u/cms/dtdjzx/201904/18111929zpia.jpg\" style=\"height:447px;width:600px;\" /></strong>\r\n</p>\r\n<p style=\"font-size:18px;color:#333333;font-family:&quot;background-color:#FFFFFF;text-indent:2em;\">\r\n	<strong>干事创业，用实绩彰显巾帼风采。</strong>工作开了个好头，詹荣玲就想接着再接再厉，继续为村民们干点实事，2015年带着村民们集资架桥；2016年修整村内主干路，修学校，建文化广场；2017年填补村西的大湾；2018年打造省级美丽乡村示范村；2019年黄镇村又成了公墓建设示范村。詹荣玲一年一个项目，稳扎稳打，“闲不住的”支部书记，让黄镇村正以崭新的姿态展示着悠久独特的历史文化，打造乡村振兴齐鲁样板下的“黄镇”实践。\r\n</p>\r\n<p style=\"font-size:18px;color:#333333;font-family:&quot;background-color:#FFFFFF;text-indent:2em;\">\r\n	2018年依托杂技文化和大刀文化两种资源优势，启动了“三化一馆”四项工程，将黄镇村作为省级美丽乡村进行了重点打造。安装太阳能路灯55盏对村庄进行亮化工程；硬化工程：修建排水沟100米、新建进村牌坊、800平方米党建广场；美化工程：共修整墙面2000平方米，粉刷涂料3000平方米，绘制文化墙500平方米，新建了“杨抱槐”围栏；建立了100平方米的村史馆，存放有黄家镇大事记、黄家镇重要历史人物、历届干部以及古碑文字。\r\n</p>\r\n<p style=\"font-size:18px;color:#333333;font-family:&quot;background-color:#FFFFFF;text-indent:2em;\">\r\n	在施工期间，詹荣玲天天盯在现场，从早上六点多不到一直盯到晚上不能干活为止，总协调、总调度、总指挥，事必躬亲。在修建党建广场时还有个小“插曲”，广场选址在“杨抱槐”的东南侧，当时有个村民的五金电料小门市恰巧开在广场选址范围内，虽然只有四五十平，但影响到整个广场的规划，该村民家庭条件不好，常年以小门市收入为生，一开始很不情愿卖出房屋。詹荣玲带动村干部，“将心比心、以心换心”，轮流做该村民的思想工作，最终村民同意让出门市，党建广场如期完工。\r\n</p>\r\n<p style=\"font-size:18px;color:#333333;font-family:&quot;background-color:#FFFFFF;text-indent:2em;text-align:center;\">\r\n	<strong><img alt=\"\" src=\"http://www.dtdjzx.gov.cn/u/cms/dtdjzx/201904/181119454qpy.jpg\" style=\"height:436px;width:600px;\" /></strong>\r\n</p>\r\n<p style=\"font-size:18px;color:#333333;font-family:&quot;background-color:#FFFFFF;text-indent:2em;\">\r\n	<strong>塑形铸魂，推动乡村文化产业化发展。</strong>美丽乡村，要改善人居环境“塑形”，更要厚植文明乡风“铸魂”。黄镇村是全镇首个白事简办、吃“大锅菜”的村。这还要从2015年说起，当时村里身患尿毒症的黄海军去世，由于换肾的手术费用让这个家庭负担很重，詹荣玲提出白事简办，不雇戏班唱戏，吃大锅菜，也得到村民的一致认可。“现在的条件好了，就拿白事来说，大家都知道大操大办浪费钱财，但是碍于面子，不得不这样做”，詹荣玲说，政府提倡引导文明方式，现在村里的红白事都找理事会，有流程、有标准，一场下来一般能省一万多元，受益的还是老百姓。\r\n</p>\r\n<p style=\"font-size:18px;color:#333333;font-family:&quot;background-color:#FFFFFF;text-indent:2em;\">\r\n	通过宣传引导和辐射带动，周边的后高村、金庄村红白事的大操大办之风得到了遏制，文明节俭之风正在潜移默化地深入人心。2019年保店镇积极响应上级要求，以绿色殡葬推动移风易俗，倡树文明新风。在詹荣玲多次与村干部、党员及群众代表进行座谈，广泛征求意见建议之后，黄镇村成为保店镇首个公墓建设示范村。为了建设公墓，詹荣玲主动拿出自家的6亩1分的林地，还前往县西关外恩泽陵园进行实地参观，重点学习公墓建设中的公墓设计、管理等先进经验和做法，确保公墓修建科学合理、美观大方。目前，墓地规划区松树已经全部种植完毕。\r\n</p>\r\n<p style=\"font-size:18px;color:#333333;font-family:&quot;background-color:#FFFFFF;text-indent:2em;\">\r\n	在村民眼里，詹荣玲是一位敢想敢干的实干家，是乡村振兴的领军人物。说起黄镇村的未来，詹荣玲满怀信心，“农村为我们提供了一个大有可为的广阔天地，只要不忘初心、牢记使命、一步一个脚印坚定地往前走，黄镇村农业强、农民富的目标就一定会实现。”（中共宁津县委组织部）\r\n</p>', null, '0', '2019-04-27 11:39:21', '1', null, null, null, null, null, null, null, null);
INSERT INTO `section_info` VALUES ('29', '16', null, null, '2019-04-27 11:39:58', '1', null, '', '淄博市淄川区：以“融媒体党校”建设为突破口 深化基层党校教学改革', '淄博市淄川区：以“融媒体党校”建设为突破口 深化基层党校教学改革', '<p style=\"font-size:18px;color:#333333;font-family:&quot;background-color:#FFFFFF;\">\r\n	习近平总书记在全国党校工作会议上指出“许多农村党员干部一辈子都没进过党校”。这正是新形势下，党校建设面临的突出问题，也是基层党校亟需破解的难题。淄博市淄川区委党校主动破题，以“融媒体党校”建设为突破口，全力整合线上线下各类教研资源，构筑党校新模式，探索教学新路径，打通了党员干部教育培训“最后一公里”，实现基层党员干部教育全覆盖。\r\n</p>\r\n<p style=\"font-size:18px;color:#333333;font-family:&quot;background-color:#FFFFFF;\">\r\n	<strong>&emsp;&emsp;一、区镇村企，实体阵地实现全域化</strong>\r\n</p>\r\n<p style=\"font-size:18px;color:#333333;font-family:&quot;background-color:#FFFFFF;\">\r\n	&emsp;&emsp;创新基层党校建设新模式。针对基层党员，特别是广大农村党员干部，数量较大，居住分散等特点，淄川区委党校创新实施“3+3”基层党校建设新模式。“横向”上分别在镇（街道、开发区）、部门、非公经济组织三大板块，组建党校培训网格；“纵向”上积极构建区级党校、镇（街道、开发区）党委党校、村级党校教学点三级党校联建机制。把党校阵地建设到党员身边，构筑起“大党校”新格局。截至目前，全区所有镇办，区直党委部门、非公企业集团党委全部建立基层党校，共计38家，建立村居教学点171家，全区4.3万名党员可以在家门口上党校，切实做到“哪里有党员，基层党校阵地建设就延伸到哪里”。\r\n</p>\r\n<p style=\"font-size:18px;color:#333333;font-family:&quot;background-color:#FFFFFF;\">\r\n	&emsp;&emsp;探索基层党校教学新方式。为切实提高全区党校系统的教育培训质量，区委党校在教学方面作出多项创新。一是创新实施“三元制”教学模式。在落实领导干部上讲台制度，建设党校兼职教师师资库，汇聚多元师资的基础上，探索形成党校教师授理论，领导干部讲政策，兼职教师谈经验的“三元制”教学模式，各取所长，大大提高了党校课堂的吸引力。一年来，领导干部和兼职教师到党校授课350人次，深受学员好评。二是实施培训“供给侧改革”。建立“党性理论教育、区委中心工作解读、实践能力提升”三套菜单，由基层党校按照需求点题培训，区委党校组织师资送学上门，大大增强了教育培训的灵活性和针对性，实现党员干部培训供给与需求的精准对接。三是创新“课堂+”教学模式。创建党校现场教学点6家和新时代开放式组织生活基地13处。由党校教师现场授课，学员实地学习、现场交流，增强了培训的体验性、参与性，提升了培训效果。\r\n</p>\r\n<p style=\"font-size:18px;color:#333333;font-family:&quot;background-color:#FFFFFF;\">\r\n	<strong>&emsp;&emsp;二、声屏报网，媒体阵地实现全时化</strong>\r\n</p>\r\n<p style=\"font-size:18px;color:#333333;font-family:&quot;background-color:#FFFFFF;\">\r\n	&emsp;&emsp;为进一步盘活各类教学资源，满足广大党员干部利用碎片化的时间随身、随地、随时学的需求，淄川区委党校全力打造“融媒体党校”，探索运用“声屏报网”多种教学新路径，建设“人人可学、处处皆学、时时能学”的党校教育培训平台，使党校教育更好融入信息化时代。\r\n</p>\r\n<p style=\"font-size:18px;color:#333333;font-family:&quot;background-color:#FFFFFF;\">\r\n	&emsp;&emsp;录制“视频微党课”。与区委宣传部、区广电局联合开展视频微党课宣讲工作。在授课内容上坚持“围绕中心，贴近基层”的原则，分设习近平新时代中国特色社会主义思想、改革开放40周年、政策解读、党性教育、红色文化、淄川故事等专题，充分挖掘本土资源，形成地方特色，采用讲创新理论，解热点问题，话身边故事的形式，全力提升视频微党课质量。自工作开展以来，已完成25节视频微党课的录制工作，深受学员好评。\r\n</p>\r\n<p style=\"font-size:18px;color:#333333;font-family:&quot;background-color:#FFFFFF;\">\r\n	&emsp;&emsp;打造“红色云课堂”。创新党课传播路径，充分利用区电台、电视台、微信公众号平台及覆盖城乡的5000只农村有线广播小喇叭，打造全天候、广覆盖、即时性“红色云课堂”，接受基层“点学”，不仅党员干部，普通群众，流动党员也可以随时“充电补钙”。\r\n</p>\r\n<p style=\"font-size:18px;color:#333333;font-family:&quot;background-color:#FFFFFF;\">\r\n	&emsp;&emsp;办好“淄川党校校报”。每月编发1期，及时刊载党员教育培训的安排部署、教学内容、工作动态，设置“微党课”、“政策解读”等栏目。每期印刷3000份，报送区委、政府各大班子领导及省市委党校，发至区直各部门及镇街、村居、相关企事业单位。充分运用纸媒便于阅读，易于储存的优势，打造成全区党校系统舆论引导、信息发布、经验交流、互动服务的平台。\r\n</p>\r\n<p style=\"font-size:18px;color:#333333;font-family:&quot;background-color:#FFFFFF;\">\r\n	&emsp;&emsp;建设“党校微平台”。创建中共淄川区委党校微信公众号平台，建设“党校微平台”。开设网络党校、读报空间、互动平台等专栏，定期推送视频微党课，理论文章，为党员干部利用碎片化时间学习提供方便。同时，通过“现场教学点”等板块，形成网上点题、地图导航、现场授课的培训模式，大大促进了教学资源的有效配置。通过“我要提问”等板块，实现网上提问，网上作答，搭建起教师、学员、管理者共建共享的互动平台。\r\n</p>\r\n<p style=\"font-size:18px;color:#333333;font-family:&quot;background-color:#FFFFFF;\">\r\n	<strong>&emsp;&emsp;三、线上线下，培训对象实现全员化</strong>\r\n</p>\r\n<p style=\"font-size:18px;color:#333333;font-family:&quot;background-color:#FFFFFF;\">\r\n	&emsp;&emsp;淄川区委党校以“融媒体党校”建设为突破口，深化基层党校教学改革。通过创建基层党校，部门分校，非公企业党校，村居教学点，录制视频微党课，打造“红色云课堂”，创办党校校报，建设“党校微平台”，实体阵地与媒体阵地相结合，形成独具特色的党校话语体系，使党校声音传播范围更广、速度更快、渠道更畅、时效性更强、开放度更高。\r\n</p>\r\n<p style=\"font-size:18px;color:#333333;font-family:&quot;background-color:#FFFFFF;\">\r\n	&emsp;&emsp;自去年以来，全区党校系统共举办培训班475期，培训学员52673人次，开展现场教学75场次，组织开放式组织生活178场次，微党课点播累计7.5万余次。校报自创刊以来，已出版11期，累计发表新闻报道、工作动态、理论文章、调研报告等260余篇。线上线下相结合的培训模式，实现了党员教育方式的不断创新和理论宣传阵地的有效扩容，打破了身份、职务、地域、时间、周期等因素的制约，高度契合了党员干部利用碎片化的时间随身、随地、随时学的需求，有效解决了普遍存在的“工学矛盾”及基层党员干部培训覆盖面不足、培训密度不够、培训计划性差、培训渠道单一、培训模式传统老化、培训“学用脱节”等问题，贴近基层实际，富有时代气息。为“建立源头培养、跟踪培养、全程培养的素质培养体系”奠定基础。在实现基层党员教育培训全覆盖的基础上，以更加开放包容的格局，创造了人人都能成为党校学员的机会。淄川区干部教育培训新模式得到社会各界的广泛认可。《光明日报》、《新华社高管信息》、《大众日报》、《支部生活》、人民网、共产党网、党建网、淄博市委办公厅《领导参阅》等予以推广介绍。（中共淄博市淄川区委组织部）\r\n</p>', null, '0', '2019-04-27 11:39:58', '1', null, null, null, null, null, null, null, null);
INSERT INTO `section_info` VALUES ('30', '16', null, null, '2019-04-27 11:40:45', '1', null, '\\public\\upload\\section_info\\20190506\\c33a7944234436cbaa2c9c6baf48f991.png', '汶上县汶上街道党工委副书记（挂职）、下派工作队长王建国汶上县汶上街道党工委副书记（挂职）、下派工作队长王建国', '汶上县汶上街道党工委副书记（挂职）', '<h3 style=\"font-size:32px;font-family:微软雅黑;text-align:center;\">\r\n	真蹲实驻 真情帮扶\r\n</h3>\r\n<p class=\"edu-title\" style=\"text-align:center;font-family:\"font-size:24px;\">\r\n	<span style=\"font-size:18px;\">——汶上县汶上街道党工委副书记（挂职）、下派工作队长王建国</span>\r\n</p>\r\n<p class=\"edu-title\" style=\"font-family:\"font-size:24px;text-align:center;\">\r\n	<br />\r\n</p>\r\n<p class=\"edu-title\" style=\"font-family:\"font-size:24px;text-align:center;\">\r\n	<p style=\"font-size:18px;color:#333333;font-family:\"background-color:#FFFFFF;\">\r\n		自开展驻村工作以来，济宁市汶上县汶上街道党工委副书记（挂职）、下派工作队长王建国严格按照省市县驻村帮扶工作各项部署要求，紧紧围绕“党建+扶贫+N”工作目标，积极督促指导协调各工作组主动结合单位职能，认真开展驻村帮扶，做到了真蹲实驻，真情帮扶。\r\n	</p>\r\n	<p style=\"font-size:18px;color:#333333;font-family:\"background-color:#FFFFFF;text-align:center;\">\r\n		<img src=\"http://www.dtdjzx.gov.cn/u/cms/dtdjzx/201904/22154338tp3l.png\" style=\"height:450px;width:600px;\" />\r\n	</p>\r\n	<p style=\"font-size:18px;color:#333333;font-family:\"background-color:#FFFFFF;text-align:center;\">\r\n		<span style=\"line-height:normal;\"><span style=\"font-size:16px;\"><span style=\"font-family:kaiti;\">济宁市汶上县汶上街道党工委副书记（挂职）、下派工作队长王建国</span></span></span>\r\n	</p>\r\n	<p style=\"font-size:18px;color:#333333;font-family:\"background-color:#FFFFFF;\">\r\n		  <strong>抓党建，凝聚党组织的战斗力</strong>\r\n	</p>\r\n	<p style=\"font-size:18px;color:#333333;font-family:\"background-color:#FFFFFF;\">\r\n		  王建国与各驻村工作组积极协助各包驻村党组织规范各项党组织工作制度，健全完善了“三会一课”“四议两公开”等制度，把“两学一做”学习教育常态化制度化纳入“三会一课”等基本制度，融入日常，抓在经常。每月5日，王建国与各工作组及时带领各包驻村全体党员坚持开展主题党日学习活动，严格按照“两学一做”学习教育计划配档表开展活动，各驻村工作组派出单位主要领导多次到包驻村现场上党课，宣传党的最新强农富农政策和党的十九大精神，在习近平新时代中国特色社会主义思想的指导下，全力提升基层党员思想觉悟和政治素质，发挥好模范带头作用。\r\n	</p>\r\n	<p style=\"font-size:18px;color:#333333;font-family:\"background-color:#FFFFFF;\">\r\n		  <strong>促脱贫，发展壮大村级集体经济</strong>\r\n	</p>\r\n	<p style=\"font-size:18px;color:#333333;font-family:\"background-color:#FFFFFF;\">\r\n		  俗话说，“农村富不富，关键看支部；支部强不强，关键在头羊。”村党支部书记如果没有经营村庄的能力，“守着金山也得要饭吃”。2017年，驻八里桥村工作组紧紧围绕既定工作目标，积极鼓励指导包驻村利用本村紧邻莲花湖湿地公园生态资源优势，流转了群众耕地150余亩，招引并发展了“采摘园”和生态休闲观光农业即汶上畅想文化生态园项目，八里桥村集体提供基础设施等有偿服务和指导，每年可增加村级集体收入2.2万元，同时帮助八里桥才能群众增收，该项目为流转土地群众增加了每亩1200元收入，该项目也为八里桥村精准扶贫户和低保户提供了就业岗位8个，增加了贫困群众的收入，为贫困群众顺利脱贫奠定了基础。汶上街道工作队5个包驻村通过土地流转发展特色旅游农业5个包驻村，通过盘活村集体资产、合作服务、资源开发等方式，发包集体土地、挖掘坑塘荒片、土地流转托管提取服务费增加包驻村集体收入达12万元。\r\n	</p>\r\n	<p style=\"font-size:18px;color:#333333;font-family:\"background-color:#FFFFFF;\">\r\n		  <strong>帮项目，驻村帮扶见成效</strong>\r\n	</p>\r\n	<p style=\"font-size:18px;color:#333333;font-family:\"background-color:#FFFFFF;\">\r\n		  在驻村帮扶中，王建国积极督促指导各工作组根据各村发展实际情况，认真选取帮扶项目，及时开展精准帮扶。县总工会驻水坡涯村工作组根据村民饮水困难问题，自筹1.3万元，申请县财政5万元资金，实施了帮助村里建设机井项目。县文物旅游局驻北坡村工作组积极协调第一书记项目资金，为村里安装LED路灯67盏。县经信局驻大刘庄工作组积极推进第一书记项目实施，申请财政资金5万元，自筹资金1万元，帮助大刘庄村铺设排水沟1000米，解决了路面积水严重的问题。县国税局驻陈闸村工作组申请第一书记项目5万元资金，为村里安装太阳能路灯18盏，受到群众好评。县金融办、中国银行驻八里桥工作组申请第一书记项目资金，为八里桥村建设1000平文化健身广场；积极协调单位协调筹集资金近两万元为八里桥村安装了12盏高杆LED路灯。\r\n	</p>\r\n	<p style=\"font-size:18px;color:#333333;font-family:\"background-color:#FFFFFF;\">\r\n		  <strong>扶贫助贫，贫困群众脱贫增收</strong>\r\n	</p>\r\n	<p style=\"font-size:18px;color:#333333;font-family:\"background-color:#FFFFFF;\">\r\n		  驻水坡涯村工作组及时协调资金15万元铺设村北路700米；积极走访困难群众，帮助村民发展庭院经济，免费提供佛手瓜苗100余棵，促进农民增收。县文物旅游局驻北坡村工作组为村里30余位老人缴纳了银龄安康保险，积极协调有关部门新增5个低保户，走访慰问贫困户两次，折合金额6000元。县经信局驻大刘庄工作组在“六一”儿童节为村里的一名6岁孤儿送去了衣服、玩具和学习用品。大力推进村里土地流转，2018年共流转土地700亩，增加村集体收入3万元。县金融办、中国银行驻八里桥工作组积极开展慰问贫困户活动。派出单位主要领导对八里桥村3名党员开展慰问活动，5名第一书记积极协调派出单位，走访慰问了包驻村困难党员、困难群众温暖过冬情况，共56户，为贫困群众送去了米面油等慰问品和慰问金，折合人民币达1万余元。（中共汶上县委组织部）\r\n	</p>\r\n</p>', null, '0', '2019-04-27 11:40:45', '1', '2019-05-06 09:37:08', '1', null, null, null, null, null, null);
INSERT INTO `section_info` VALUES ('31', '4', '1', 'provincial', '2019-04-27 12:11:02', '1', null, null, '习近平就越南前国家主席黎德英逝世致唁电', '习近平就越南前国家主席黎德英逝世致唁电', '<p align=\"justify\" style=\"color:#444444;font-family:微软雅黑;font-size:16px;background-color:#FFFFFF;\">\r\n	新华社北京4月25日电&nbsp;&nbsp;中共中央总书记、国家主席习近平24日向越共中央总书记、国家主席阮富仲致唁电，代表中国共产党、中国政府和中国人民，对越南前国家主席黎德英逝世表示沉痛的哀悼，向其家属致以深切的慰问。\r\n</p>\r\n<p align=\"justify\" style=\"color:#444444;font-family:微软雅黑;font-size:16px;background-color:#FFFFFF;\">\r\n	&emsp;&emsp;习近平表示，黎德英同志为越南国家建设事业作出了重大贡献，为两国关系发展作出了不懈努力。他的逝世使越南人民失去了一位卓越领导人，也使中国人民失去了一位老朋友。\r\n</p>\r\n<p align=\"justify\" style=\"color:#444444;font-family:微软雅黑;font-size:16px;background-color:#FFFFFF;\">\r\n	&emsp;&emsp;习近平表示，相信在阮富仲总书记、国家主席同志坚强领导下，越南党、政府和人民必将化悲痛为力量，在社会主义建设事业中不断取得新的成就。\r\n</p>', null, '0', '2019-04-27 12:11:02', '1', null, null, null, null, '1', '2019-04-27 12:11:02', '3', null);
INSERT INTO `section_info` VALUES ('32', '4', '2', 'provincial', '2019-04-27 12:13:05', '1', null, null, '对党费用于非公有制经济党组织开展活动，有什么规定？', '对党费用于非公有制经济党组织开展活动，有什么规定？', '<span style=\"color:#333333;font-family:&quot;font-size:16px;background-color:#FFFFFF;\">中央组织部《关于在个体和私营等非公有制经济组织中加强党的建设工作的意见（试行）》（中组发[2004]14号）中明确，非公有制经济组织中党组织的活动经费，可通过多种渠道解决，“党员交纳的党费可大部分或全部返还给企业党组织，作为活动经费。活动经费确有困难的，上级党组织应从分管的党费中适当拨补一部分。”</span>', null, '0', '2019-04-27 12:13:05', '1', null, null, null, null, '1', '2019-04-27 12:13:05', '3', null);
INSERT INTO `section_info` VALUES ('33', '4', '2', 'municipal', '2019-04-27 12:13:57', '1', null, null, '沂水县委理论学习中心组开展集体学习', '沂水县委理论学习中心组开展集体学习', '<img alt=\"\" height=\"354\" src=\"http://www.dtdjzx.gov.cn/u/cms/dtdjzx/201902/20102958c6wm.jpg\" width=\"600\" style=\"height:auto !important;\" />\r\n<p style=\"font-size:18px;color:#333333;font-family:&quot;background-color:#FFFFFF;text-align:center;\">\r\n	<span style=\"font-size:16px;\"><span style=\"font-family:kaiti;\">沂水县委理论学习中心组开展集体学习活动</span></span>\r\n</p>\r\n<p style=\"font-size:18px;color:#333333;font-family:&quot;background-color:#FFFFFF;\">\r\n	&emsp;&emsp;2月18日，临沂市沂水县委理论学习中心组开展集体学习活动，县委书记薛峰主持，县领导陈永生、张道胜、王永浩、陈海龙、解飞、徐本开、孙中华、郭忠友、何法江、王焕奎、英昌伟等参加。\r\n</p>\r\n<p style=\"font-size:18px;color:#333333;font-family:&quot;background-color:#FFFFFF;\">\r\n	&emsp;&emsp;会上，大家集体学习了《刘家义在全省宣传思想工作会议上的讲话》《习近平新时代中国特色社会主义思想三十讲》等内容。\r\n</p>\r\n<p style=\"font-size:18px;color:#333333;font-family:&quot;background-color:#FFFFFF;\">\r\n	&emsp;&emsp;会议强调，要始终把深入学习宣传贯彻习近平新时代中国特色社会主义思想作为重中之重，在学懂弄通、明理明道中领悟思想深度，在用心用情、解疑释惑中体现思想温度，在联系实际、引领实践中彰显思想力度，推动学习贯彻不断往深里走、往实里走、往心里走。要始终把牢意识形态工作领导权，唱响主旋律，让正能量主导版面、荧屏、声频和网络；打好主动仗，加大日常信息发布力度，做好重大突发事件和热点舆情的舆论引导。要始终注重加强思想道德建设，强化党员理想信念教育，大力传承红色基因，弘扬沂蒙精神。要始终坚持党对宣传思想工作的领导，抓实抓牢基层基础工作，加强宣传思想文化工作机构设置，强化人才队伍建设，锐意进取、扎实工作，奋力谱写新时代宣传思想工作新篇章。\r\n</p>\r\n<p style=\"font-size:18px;color:#333333;font-family:&quot;background-color:#FFFFFF;\">\r\n	&emsp;&emsp;通过本次学习活动，大家纷纷表示，在今后的工作生活中，将坚持以习近平新时代中国特色社会主义思想为引领，不断加强学习教育，不断提升党性修养和思想觉悟，立足自身工作岗位，高举争先发展大旗，以良好的精神状态和扎实的作风认真开展各项工作，为建设富裕文明和谐美丽新沂水作出自己应有的贡献。（中共沂水县委组织部）\r\n</p>', null, '0', '2019-04-27 12:13:57', '1', null, null, null, null, '1', '2019-04-27 12:13:57', '3', null);
INSERT INTO `section_info` VALUES ('34', '4', '2', 'municipal', '2019-04-27 12:14:22', '1', null, null, '沂南县农村商业银行：坚持党建引领 践行精准扶贫责任', '沂南县农村商业银行：坚持党建引领 践行精准扶贫责任', '<p style=\"font-size:18px;color:#333333;font-family:&quot;background-color:#FFFFFF;text-indent:2em;\">\r\n	近年来，自临沂市沂南县被确定为全省首个扶贫小额信贷试点县以来，沂南县农村商业银行作为辖内首个承担扶贫信贷任务的地方性银行，始终坚持“党建引领，政府主导、银行参与、产业带动、普惠共赢”的金融扶贫工作思路，结合实际，大胆创新，以产品创新和产业带动为突破口，形成了步调统一、上下联动的金融扶贫工作机制，有效推动实现了真扶贫、扶真贫。\r\n</p>\r\n<p style=\"font-size:18px;color:#333333;font-family:&quot;background-color:#FFFFFF;text-indent:2em;\">\r\n	<strong>做实党建结合文章，扩大扶贫普惠效应</strong>\r\n</p>\r\n<p style=\"font-size:18px;color:#333333;font-family:&quot;background-color:#FFFFFF;text-indent:2em;\">\r\n	在全面落实扶贫信贷政策的同时，沂南农商银行结合自身产品和服务优势，搭建普惠渠道，延伸服务范围，将精准扶贫辐射到普惠金融的各个领域、各个环节，做到“五个结合”。\r\n</p>\r\n<p style=\"font-size:18px;color:#333333;font-family:&quot;background-color:#FFFFFF;text-indent:2em;\">\r\n	一是精准扶贫与党的建设相结合。建立“党建+”特色服务模式，创建“一心向党、服务三农”特色党建品牌，以精神为引领、以党建为抓手、以服务贯穿始终，将精准扶贫工作成效作为党建工作的重要考核内容，以精准扶贫考验每名干部，激励广大党员主动联系群众，深耕市场；成立“党员干部扶贫攻坚先锋队”，50名中层干部带头与760名贫困群众“结亲连心”，每月上门了解生产生活情况，帮助分析解决实际问题。二是精准扶贫与“家庭银行”相结合。大力推广“富民生产贷+家庭银行”模式，首先通过“富民生产贷”的产业带动作用让贫困户脱贫，然后发挥“家庭银行”模式的综合服务功能，强化扶贫效果。截至目前，该行累计签订“家庭银行”客户6905户，发放贷款9.43亿元，其中，已有670余户实现脱贫的贫困户成为“家庭银行”的忠实客户。三是精准扶贫与农村产权改革相结合。紧跟农村产权改革步伐，率先推出农村土地承包经营权抵押贷款，让农村“沉睡”资产变成了“活资本”。如，为马泉农业示范园发放土地承包经营权、林权抵押贷款共计4300万元，加快区域发展带动脱贫，园区与120户贫困户签订了帮扶协议，贫困户通过土地流转、入股园区合作社、园区务工、入园经营，实现了“一地生四金”。截至目前，累计发放土地承包经营权抵押贷款1.6亿元，林权抵押贷款7488万元，既带动了贫困户脱贫，又解决了新型农业经营主体担保难、融资难的问题。四是精准扶贫与第一书记驻村帮扶相结合。先后与184名省市县派第一书记对接，逐村落实信贷资金需求，累计为92个第一书记帮扶村发放贷款1.35亿元。该行选派1名第一书记进驻重点贫困村芦山村，为该村争取项目资金110万元，建起了1000平方米的扶贫加工点和30亩莲藕养殖基地，加快了村集体产业发展和贫困户增收。近年来，该行累计在3个帮扶村共投入23万元，帮助整修道路，设立孝心基金，改善村容村貌，有效带动了整村脱贫。五是精准扶贫与金融知识普及相结合。近年来，组织开展扶贫专题宣传、金融夜校、金融知识下乡、汽车流动银行服务等近200余场次，普及金融知识和致富信息，增强贫困户创业致富能力，加快贫困户智力脱贫、精神脱贫，进而实现全面脱贫。\r\n</p>\r\n<p style=\"font-size:18px;color:#333333;font-family:&quot;background-color:#FFFFFF;text-indent:2em;\">\r\n	<strong>健全工作保障机制，夯实扶贫工作基础</strong>\r\n</p>\r\n<p style=\"font-size:18px;color:#333333;font-family:&quot;background-color:#FFFFFF;text-indent:2em;\">\r\n	一是创新实施“721”信用评级指标体系。对扶贫办提供的建档立卡贫困户进行筛选，确定拟评级户，分别入户调查；按照诚信情况占70%，家庭收入情况占20%，其他基本情况占10%的评级指标，确定信用户等级和授信额度，健全信用档案。截至目前，累计为3508户贫困户授信1.24亿元。二是借力政策扶持机制。在省农业融资担保公司对扶贫贷款全额担保的基础上，又引入3家担保公司，适当降低担保门槛，进一步提高了扶贫贷款审核、担保等工作效率。三是大力推行“阳光办贷”机制。实行“阳光办贷”承诺，做到阳光操作、限时服务；对符合办贷条件的贫困户实行“五公开”制度，即政策条件公开，评级授信公开，流程时限公开，贷款额度、方式、用途、利率公开，贷款违约责任公开，确保真扶贫、扶真贫；严肃信贷纪律，近期，该行组织举行了“信贷八条禁令”宣誓仪式，加强培训学习，使之入心入脑，贯穿整个信贷流程，优化信贷“五大中心”职能，提高了办贷效率和质量。四是建立扶贫信贷工作联合推进机制。与县扶贫办成立“金融扶贫联合办公室”，集中在行总部办公，对符合办贷条件的贫困户实行一次性调查，减少中间环节；实行日调度、周汇报制度，定期召开扶贫信贷工作推进会，对照扶贫地图，对扶贫加工点、第一书记帮扶村、参与扶贫开发项目的重点企业，逐一落实扶持情况，保障扶贫信贷资金投放进度。五是引入绩效考核机制。将金融扶贫工作作为重大政治任务和“一把手”工程，纳入各支行绩效考核，对连续3个月完不成扶贫信贷投放计划的支行行长进行诫勉谈话，有效避免了“上冷下热”的问题；合理调高扶贫小额信贷不良容忍度，严格落实尽职免责制度，打消了信贷人员办贷顾虑。\r\n</p>\r\n<p style=\"font-size:18px;color:#333333;font-family:&quot;background-color:#FFFFFF;text-indent:2em;\">\r\n	<strong>创新扶贫信贷产品，强化产业带动脱贫</strong>\r\n</p>\r\n<p style=\"font-size:18px;color:#333333;font-family:&quot;background-color:#FFFFFF;text-indent:2em;\">\r\n	沂南农商银行重点围绕沂南县确定的现代农业、乡村旅游、转移就业、光伏扶贫四大扶贫主攻方向，创新扶贫信贷产品，注重内源式产业“造血”，全力助推产业发展，带动全面脱贫。一是以信用为基础，推出“富民农户贷”。让贫困户贷款零负担，支持贫困户宜种则种、宜养则养，根据自身情况选择脱贫方式；大力支持农业产业园建设，以“富民农户贷”为贫困户筹资托底，解决其发展资金问题。截至目前，累计发放“富民农户贷”2249户，金额共计1.38亿元。二是以企业帮扶为纽带，推出“富民生产贷”。创新推出“富民生产贷”，支持企业参与扶贫项目，与贫困户签订帮扶协议，采取吸纳就业、去料加工、农产品保护价收购等多种方式，带动致富能力弱、发展基础差的贫困户脱贫。累计为77家企业、3家合作社发放“富民生产贷”4.05亿元，帮扶带动8896户贫困户脱贫。三是以优势产业为依托，推出“旅游扶贫贷”。以沂南县推行全域旅游为契机，推出“旅游扶贫贷”，采取担保、抵押等多种方式，通过助推旅游业发展，带动780户贫困户发展农家乐、手工艺品加工、特色农副产品销售或到影视基地担任群众演员等项目，贫困户在家门口实现了就业。目前，沂南农商银行累计发放旅游服务业贷款3.73亿元，助推打响旅游品牌的同时，有效带动了贫困户脱贫。四是以新型农业经营组织为主体，推出“富民惠农贷”。主要针对辖内专业大户、小微涉农企业、家庭农场、农民专业合作社、农业龙头企业，既可由担保公司担保，也可用确权的农村土地承包经营权证、林权证等作为抵押物，担保方式灵活，利率优惠，降低了经营主体融资成本，既强化了扶贫带动效应，又实现了由扶贫带动向支持农业综合体，深耕农村市场的普惠金融转变。\r\n</p>\r\n<p style=\"font-size:18px;color:#333333;font-family:&quot;background-color:#FFFFFF;text-indent:2em;\">\r\n	<strong>融入“六个一”工程，构建脱贫攻坚新格局</strong>\r\n</p>\r\n<p style=\"font-size:18px;color:#333333;font-family:&quot;background-color:#FFFFFF;text-indent:2em;\">\r\n	围绕沂南县委县政府开展的“六个一”扶贫工程，沂南农商银行依托产品和服务优势，紧密跟进，深度融合，加快推动实现村增收、户脱贫。\r\n</p>\r\n<p style=\"font-size:18px;color:#333333;font-family:&quot;background-color:#FFFFFF;text-indent:2em;\">\r\n	一是支持建立扶贫就业点。沂南县共有各类扶贫就业点107处，吸纳1100名贫困户就业。沂南农商银行依托“富民生产贷”，积极支持企业通过设立扶贫就业点带动贫困户脱贫，与每个扶贫加工点进行对接，健全信息档案，全部签订了金融扶贫战略协议。二是支持发展特色产业项目。整合“富民农户贷”、青年创业贷、小额信用贷、农村产权贷等特色小额信贷产品，支持贫困户结合实际发展特色养殖、生态种植、手工艺品加工、农家乐等项目，加快农村产业发展，促进贫困户就业、创业增收。三是参与光伏扶贫项目。为参与农村光伏发电项目的农户和符合条件的商户，量身定制了“光伏贷”，帮助贫困户拓宽增收渠道。目前，已经在2个乡镇4个村试点，为89户贫困户共计授信“光伏贷”310万元。四是设立社区金融服务点。在农村主干道、超市、村委会、社区等地，共布设“农金通”服务点342处。其中，“农金员+农金通+自助设备+电商”模式社区金融服务点6处，实现了社区服务、协理业务、自助服务、电商服务的有机融合。五是参与设立家庭孝心养老基金。根据沂南县在重点帮扶村发起设立孝心养老基金工作的要求，该行积极参与，在重点帮扶村捐资并帮助筹集孝心款共计10.8万元，使帮扶村53名70岁以上老人，每人每月可领取100元孝心基金，改善了老人生活水平。六是融入扶贫理事会运转。派驻客户经理与村老党员、老干部、村民和贫困户代表组成扶贫理事会，参与扶贫贷款的信用评级，监督扶贫项目和资金的实施利用、贫困户纳入退出、村集体资产收益分配等，确保扶贫资金规范使用，精准扶贫到户。（中共沂南县委组织部）\r\n</p>', null, '0', '2019-04-27 12:14:22', '1', null, null, null, null, '1', '2019-04-27 12:14:22', '3', null);
INSERT INTO `section_info` VALUES ('35', '7', null, null, '2019-04-29 17:53:34', '1', null, '', '未成年人犯罪记录封存后可否解封', '未成年人犯罪记录封存后可否解封', '<p style=\"font-size:16px;font-family:&quot;color:#333333;background-color:#FFFFFF;text-indent:2em;\">\r\n	我国刑事诉讼法第286条规定：“犯罪的时候不满十八周岁，被判处五年有期徒刑以下刑罚的，应当对相关犯罪记录予以封存。犯罪记录被封存的，不得向任何单位和个人提供，但司法机关为办案需要或者有关单位根据国家规定进行查询的除外。依法进行查询的单位，应当对被封存的犯罪记录的情况予以保密。”此即为未成年人犯罪记录封存制度，其是指曾经受过有罪宣告的未成年人，条件具备时由有关机关通过一定形式封存其有罪记录。未成年人犯罪记录封存制度，即不完全消灭未成年人的犯罪记录，在法律规定的范围内，通过技术性操作严格限制未成年人犯罪记录被查阅。考察我国刑事法律规定及刑事司法解释等规范性文件，对未成年人犯罪记录前科的封存都有规定，但对判决生效后未成年人再次犯罪或者发现其漏罪问题如何处理？仅有2013年施行的最高人民检察院《人民检察院刑事诉讼规则（试行）》第506条和公安部《公安机关办理刑事案件程序规定》第320条第3款规定，对发现漏罪予以数罪并罚后被执行五年有期徒刑以上刑罚的，可以解除已封存的犯罪记录。同年施行的“两高三部”《关于建立犯罪人员犯罪记录制度的意见》《最高人民法院关于适用〈中华人民共和国刑事诉讼法〉的解释》及《公安机关办理刑事案件程序规定》等国家刑事规范性文件都未规定发现再次犯罪时，如何对待未成年人已被封存的犯罪记录问题。笔者认为，在现有形势下，对未成年人已经封存的犯罪记录应作不同处理：\r\n</p>\r\n<p style=\"font-size:16px;font-family:&quot;color:#333333;background-color:#FFFFFF;text-indent:2em;\">\r\n	1.未成年人犯罪被判处五年有期徒刑以下刑罚的，对其犯罪记录予以封存，可按照法律规定进行查询，以后不再犯罪或未发现漏罪的，视同前科消灭。因此，未成年人犯罪被判处超过五年有期徒刑刑罚的，对其犯罪记录不予以封存。其依据为刑事诉讼法第286条、刑法第65条第1款规定的不满十八周岁的人再次犯罪不构成一般累犯及“两高三部”《关于建立犯罪人员犯罪记录制度的意见》。\r\n</p>\r\n<p style=\"font-size:16px;font-family:&quot;color:#333333;background-color:#FFFFFF;text-indent:2em;\">\r\n	2.未成年人犯罪记录封存后，发现漏罪的。如果漏罪与封存记录之罪数罪并罚后被决定执行五年有期徒刑以上刑罚的，应当对其犯罪记录解除封存，实行数罪并罚。如果漏罪与封存记录之罪数罪并罚后被决定执行不满五年有期徒刑刑罚的，应当对其犯罪记录继续保持封存，对其漏罪按照刑法第87条、第88条和第89条有关时效规定确定追诉与否。《人民检察院刑事诉讼规则（试行）》第506条规定：“被封存犯罪记录的未成年人，如果发现漏罪，且漏罪与封存记录之罪数罪并罚后被决定执行五年有期徒刑以上刑罚的，应当对其犯罪记录解除封存。”公安部《公安机关办理刑事案件程序规定》第320条第3款规定：“被封存犯罪记录的未成年人，如果发现漏罪，合并被判处五年有期徒刑以上刑罚的，应当对其犯罪记录解除封存。”\r\n</p>\r\n<p style=\"font-size:16px;font-family:&quot;color:#333333;background-color:#FFFFFF;text-indent:2em;\">\r\n	3.未成年人犯罪记录封存后，再次犯罪的。由于刑事法律及司法解释并未明确规定，故仍应当按照刑法有关累犯、数罪并罚、缓刑、假释等条款的规定执行。如刑法第77条规定，被宣告缓刑的犯罪分子，在缓刑考验期限内犯新罪或者发现判决宣告以前还有其他罪没有判决的，应当撤销缓刑，对新犯的罪或者新发现的罪作出判决，把前罪和后罪所判处的刑罚，依照本法第69条的规定，决定执行的刑罚。\r\n</p>', null, '0', '2019-04-29 17:53:34', '1', null, null, null, null, null, null, null, null);

-- ----------------------------
-- Table structure for section_roles
-- ----------------------------
DROP TABLE IF EXISTS `section_roles`;
CREATE TABLE `section_roles` (
  `id` int(11) NOT NULL AUTO_INCREMENT,
  `section_id` int(11) NOT NULL COMMENT '栏目',
  `role_id` int(11) NOT NULL COMMENT '角色',
  `deleted` tinyint(1) DEFAULT '0',
  `created_time` datetime DEFAULT CURRENT_TIMESTAMP,
  `created_user_id` int(11) DEFAULT NULL,
  `updated_time` datetime DEFAULT NULL,
  `updated_user_id` int(11) DEFAULT NULL,
  `deleted_time` datetime DEFAULT NULL,
  `deleted_user_id` int(11) DEFAULT NULL,
  PRIMARY KEY (`id`)
) ENGINE=InnoDB AUTO_INCREMENT=18 DEFAULT CHARSET=utf8;

-- ----------------------------
-- Records of section_roles
-- ----------------------------
INSERT INTO `section_roles` VALUES ('5', '1', '1', '0', '2019-04-21 12:25:12', '1', null, null, null, null);
INSERT INTO `section_roles` VALUES ('6', '2', '1', '0', '2019-04-21 13:04:46', '1', null, null, null, null);
INSERT INTO `section_roles` VALUES ('7', '2', '2', '0', '2019-04-21 13:04:46', '1', null, null, null, null);
INSERT INTO `section_roles` VALUES ('8', '3', '1', '0', '2019-04-21 13:04:52', '1', null, null, null, null);
INSERT INTO `section_roles` VALUES ('9', '3', '2', '0', '2019-04-21 13:04:52', '1', null, null, null, null);
INSERT INTO `section_roles` VALUES ('10', '4', '1', '0', '2019-04-21 13:04:57', '1', null, null, null, null);
INSERT INTO `section_roles` VALUES ('11', '4', '2', '0', '2019-04-21 13:04:57', '1', null, null, null, null);
INSERT INTO `section_roles` VALUES ('12', '5', '1', '0', '2019-04-21 13:05:06', '1', null, null, null, null);
INSERT INTO `section_roles` VALUES ('13', '5', '2', '0', '2019-04-21 13:05:06', '1', null, null, null, null);
INSERT INTO `section_roles` VALUES ('14', '7', '1', '0', '2019-04-21 13:05:11', '1', null, null, null, null);
INSERT INTO `section_roles` VALUES ('15', '7', '2', '0', '2019-04-21 13:05:11', '1', null, null, null, null);
INSERT INTO `section_roles` VALUES ('16', '6', '1', '0', '2019-04-21 13:05:16', '1', null, null, null, null);
INSERT INTO `section_roles` VALUES ('17', '6', '2', '0', '2019-04-21 13:05:16', '1', null, null, null, null);

-- ----------------------------
-- Table structure for setting
-- ----------------------------
DROP TABLE IF EXISTS `setting`;
CREATE TABLE `setting` (
  `id` int(11) NOT NULL AUTO_INCREMENT COMMENT '主键',
  `type` varchar(255) DEFAULT NULL COMMENT '类型',
  `code` varchar(255) DEFAULT NULL COMMENT '编码',
  `value` varchar(255) CHARACTER SET utf8 COLLATE utf8_bin DEFAULT NULL COMMENT '值',
  PRIMARY KEY (`id`)
) ENGINE=InnoDB AUTO_INCREMENT=25 DEFAULT CHARSET=utf8;

-- ----------------------------
-- Records of setting
-- ----------------------------
INSERT INTO `setting` VALUES ('1', 'publicity_level', 'national', '国家级');
INSERT INTO `setting` VALUES ('2', 'publicity_level', 'provincial', '省级');
INSERT INTO `setting` VALUES ('3', 'publicity_level', 'municipal', '市级');
INSERT INTO `setting` VALUES ('4', 'user_type', 'prosecutor', '检察长');
INSERT INTO `setting` VALUES ('5', 'user_type', 'prosecutor', '副检察长');
INSERT INTO `setting` VALUES ('6', 'user_type', 'prosecutor', '检察委员会专职委员');
INSERT INTO `setting` VALUES ('7', 'user_type', 'prosecutor', '检察官');
INSERT INTO `setting` VALUES ('8', 'user_type', 'judicial', '司法行政人员');
INSERT INTO `setting` VALUES ('9', 'user_type', 'judicial', '行政管理');
INSERT INTO `setting` VALUES ('10', 'user_type', 'judicial', '后勤服务');
INSERT INTO `setting` VALUES ('11', 'user_type', 'judicial', '党务工作');
INSERT INTO `setting` VALUES ('12', 'user_type', 'judicial', '纪检监督');
INSERT INTO `setting` VALUES ('13', 'user_type', 'judicial', '其他司法行政人员');
INSERT INTO `setting` VALUES ('14', 'user_type', 'support', '检查辅助人员');
INSERT INTO `setting` VALUES ('15', 'user_type', 'support', '检察官助理');
INSERT INTO `setting` VALUES ('16', 'user_type', 'support', '书记员');
INSERT INTO `setting` VALUES ('17', 'user_type', 'support', '司法警察');
INSERT INTO `setting` VALUES ('18', 'user_type', 'support', '检查技术人员');
INSERT INTO `setting` VALUES ('19', 'user_type', 'other', '其他工作人员');
INSERT INTO `setting` VALUES ('20', 'website', 'website_logo', '\\public\\upload\\banner\\20190427\\ccfd6cb5624d395a331fbecdea8f3f94.png');
INSERT INTO `setting` VALUES ('21', 'website', 'website_name', '利津县人民检察院');
INSERT INTO `setting` VALUES ('22', 'website', 'regist_info', '鲁ICP备XXXXXX号-3 地址 : 利津县XXXXXX 技术服务热线 : XXX-XXX-XXXX');
INSERT INTO `setting` VALUES ('23', 'website', 'copy_right', 'Copyright 2018-2019 利津县人民检察院 All rights reserved');
INSERT INTO `setting` VALUES ('24', 'website', 'website_policy', '');

-- ----------------------------
-- Table structure for task
-- ----------------------------
DROP TABLE IF EXISTS `task`;
CREATE TABLE `task` (
  `id` int(11) NOT NULL AUTO_INCREMENT,
  `type_id` int(11) NOT NULL COMMENT '任务分类',
  `publish_user_id` int(11) NOT NULL COMMENT '发布人',
  `publish_time` datetime DEFAULT CURRENT_TIMESTAMP COMMENT '发布时间',
  `title` varchar(2000) NOT NULL COMMENT '任务标题',
  `summary` varchar(2000) DEFAULT NULL COMMENT '任务概要说明',
  `end_time` date DEFAULT NULL COMMENT '任务结束时间',
  `content` longtext COMMENT '任务内容',
  `status` tinyint(4) DEFAULT '0' COMMENT '任务状态',
  `to_user_type` varchar(20) DEFAULT NULL COMMENT '分配类型',
  `to_type_id` varchar(2000) DEFAULT NULL COMMENT '分配类型id',
  `to_user_id` varchar(2000) DEFAULT NULL COMMENT '分配特定人',
  `deleted` tinyint(1) DEFAULT '0',
  `created_time` datetime DEFAULT CURRENT_TIMESTAMP,
  `created_user_id` int(11) DEFAULT NULL,
  `updated_time` datetime DEFAULT NULL,
  `updated_user_id` int(11) DEFAULT NULL,
  `deleted_time` datetime DEFAULT NULL,
  `deleted_user_id` int(11) DEFAULT NULL,
  PRIMARY KEY (`id`)
) ENGINE=InnoDB AUTO_INCREMENT=10 DEFAULT CHARSET=utf8 COMMENT='任务发布';

-- ----------------------------
-- Records of task
-- ----------------------------
INSERT INTO `task` VALUES ('1', '1', '1', '2019-04-12 17:37:43', '为即将到来的5.1劳动节准备检查工作', '为即将到来的5.1劳动节准备检查工作', '2019-04-30', '为即将到来的5.1劳动节准备检查工作', '0', 'dep', '6', null, '0', '2019-04-12 17:37:43', '1', '2019-04-22 00:03:54', '1', null, null);
INSERT INTO `task` VALUES ('2', '1', '1', '2019-04-23 22:27:00', '习近平出席庆祝人民海军成立70周年海上阅兵活动', '习近平出席庆祝人民海军成立70周年海上阅兵活动', '2019-04-28', '<p class=\"otitle\" style=\"text-align:justify;font-size:18px;font-family:\"text-indent:2em;color:#404040;background-color:#FFFFFF;\">\r\n	（原标题：习近平出席庆祝人民海军成立70周年海上阅兵活动）\r\n</p>\r\n<p style=\"font-size:18px;font-family:\"text-indent:2em;color:#404040;text-align:justify;background-color:#FFFFFF;\">\r\n	        新华社青岛4月23日电 在中国人民解放军海军70华诞之际，中共中央总书记、国家主席、中央军委主席习近平23日出席在青岛举行的庆祝人民海军成立70周年海上阅兵活动。\r\n</p>\r\n<p style=\"font-size:18px;font-family:\"text-indent:2em;color:#404040;text-align:justify;background-color:#FFFFFF;\">\r\n	        琴岛春意浓，黄海春潮涌。青岛奥帆中心码头，担负检阅任务的西宁舰按照海军最高礼仪悬挂代满旗，五星红旗、八一军旗迎风飘扬。来自61个国家的海军代表团团长齐聚检阅舰，共同等待喜庆时刻的到来。\r\n</p>\r\n<p style=\"font-size:18px;font-family:\"text-indent:2em;color:#404040;text-align:justify;background-color:#FFFFFF;\">\r\n	<p style=\"font-size:18px;font-family:\"text-indent:2em;color:#404040;text-align:justify;background-color:#FFFFFF;\">\r\n		        4月23日下午，中共中央总书记、国家主席、中央军委主席习近平出席庆祝人民海军成立70周年海上阅兵活动。12时40分许，习近平来到青岛奥帆中心码头，检阅中国人民解放军海军仪仗队，随后登上执行检阅任务的西宁舰。 新华社记者 李刚 摄\r\n	</p>\r\n	<p style=\"font-size:18px;font-family:\"text-indent:2em;color:#404040;text-align:justify;background-color:#FFFFFF;\">\r\n		        12时40分许，习近平来到青岛奥帆中心码头。在雄壮的乐曲声中，习近平检阅海军仪仗队，随后登上检阅舰。\r\n	</p>\r\n	<p style=\"font-size:18px;font-family:\"text-indent:2em;color:#404040;text-align:justify;background-color:#FFFFFF;\">\r\n		        13时许，检阅舰鸣笛启航，驶向阅兵海域。\r\n	</p>\r\n	<p style=\"font-size:18px;font-family:\"text-indent:2em;color:#404040;text-align:justify;background-color:#FFFFFF;\">\r\n		        此刻，人民海军32艘战舰威武列阵，战机振翅欲飞，远涉重洋前来参加庆典活动的13国海军18艘舰艇整齐编队。\r\n	</p>\r\n	<p style=\"font-size:18px;font-family:\"text-indent:2em;color:#404040;text-align:justify;background-color:#FFFFFF;\">\r\n		        14时30分许，检阅舰到达预定海域。海军司令员沈金龙报告受阅部队准备完毕，习近平下达检阅开始的命令。激昂的《分列式进行曲》在大海上响起。\r\n	</p>\r\n	<p style=\"font-size:18px;font-family:\"text-indent:2em;color:#404040;text-align:justify;background-color:#FFFFFF;\">\r\n		        受阅舰艇分成潜艇群、驱逐舰群、护卫舰群、登陆舰群、辅助舰群、航母群破浪驶来。受阅飞机呼啸临空。\r\n	</p>\r\n	<p style=\"font-size:18px;font-family:\"text-indent:2em;color:#404040;text-align:justify;background-color:#FFFFFF;\">\r\n		        大海滔滔，铁流滚滚。自1949年4月23日从江苏泰州白马庙启航，人民海军在党的指引下，一路劈波斩浪，逐步发展成为一支能够有效维护国家主权、安全、发展利益的海上武装力量。\r\n	</p>\r\n	<p style=\"font-size:18px;font-family:\"text-indent:2em;color:#404040;text-align:justify;background-color:#FFFFFF;\">\r\n		        阅舰艇通过检阅舰时，一声长哨，官兵整齐站坡，向习主席致敬。“同志们好！”“主席好！”“同志们辛苦了！”“为人民服务！”军乐作伴，涛声作和，习近平的亲切问候同官兵的铿锵回答相互激荡，统帅和官兵的心紧紧连在一起。\r\n	</p>\r\n	<p style=\"font-size:18px;font-family:\"text-indent:2em;color:#404040;text-align:justify;background-color:#FFFFFF;\">\r\n		        新时代，新航程。习近平对人民海军建设高度重视，先后多次视察海军部队，发出“努力把人民海军全面建成世界一流海军”的号召。人民海军正以崭新姿态阔步向前、逐梦海天。\r\n	</p>\r\n</p>', '1', 'dep', '6,', null, '0', '2019-04-23 22:27:00', '1', '2019-04-27 11:57:41', '1', null, null);
INSERT INTO `task` VALUES ('3', '5', '1', '2019-04-27 11:52:21', '习近平：着力解决“两不愁三保障”突出问题', '习近平：着力解决“两不愁三保障”突出问题', '2019-05-05', '<p style=\"font-family:&quot;color:#333333;font-size:14px;background-color:#FFFFFF;text-align:center;\">\r\n	<span style=\"font-size:18px;\"><span style=\"font-weight:700;\">习近平在重庆考察并主持召开解决“两不愁三保障”突出问题座谈会时强调</span></span>\r\n</p>\r\n<p style=\"font-family:&quot;color:#333333;font-size:14px;background-color:#FFFFFF;text-align:center;\">\r\n	<span style=\"font-size:18px;\"><span style=\"font-weight:700;\">统一思想一鼓作气顽强作战越战越勇</span></span>\r\n</p>\r\n<p style=\"font-family:&quot;color:#333333;font-size:14px;background-color:#FFFFFF;text-align:center;\">\r\n	<span style=\"font-size:18px;\"><span style=\"font-weight:700;\">着力解决“两不愁三保障”突出问题</span></span>\r\n</p>\r\n<p style=\"font-family:&quot;color:#333333;font-size:14px;background-color:#FFFFFF;text-align:center;\">\r\n	<img src=\"http://xxjs.dtdjzx.gov.cn/files/image/20190421/1555818064143057023.jpg\" title=\"1555818064143057023.jpg\" alt=\"1.jpg\" />\r\n</p>\r\n<p style=\"font-family:&quot;color:#333333;font-size:14px;background-color:#FFFFFF;\">\r\n	<span style=\"font-size:16px;font-family:楷体, 楷体_GB2312, SimKai;\">&emsp;&emsp;4月15日至17日，中共中央总书记、国家主席、中央军委主席习近平在重庆考察，并主持召开解决“两不愁三保障”突出问题座谈会。这是4月16日下午，习近平主持召开解决“两不愁三保障”突出问题座谈会并发表重要讲话。</span>\r\n</p>\r\n<p style=\"font-family:&quot;color:#333333;font-size:14px;background-color:#FFFFFF;\">\r\n	<span style=\"font-size:18px;\">&emsp;&emsp;中共中央总书记、国家主席、中央军委主席习近平4月15日至17日在重庆考察，主持召开解决“两不愁三保障”突出问题座谈会并发表重要讲话。他强调，脱贫攻坚战进入决胜的关键阶段，各地区各部门务必高度重视，统一思想，抓好落实，一鼓作气，顽强作战，越战越勇，着力解决“两不愁三保障”突出问题，扎实做好今明两年脱贫攻坚工作，为如期全面打赢脱贫攻坚战、如期全面建成小康社会作出新的更大贡献。</span>\r\n</p>\r\n<p style=\"font-family:&quot;color:#333333;font-size:14px;background-color:#FFFFFF;\">\r\n	<span style=\"font-size:18px;\">&emsp;&emsp;山城四月，春风和煦，山水透绿，一派生机勃勃。4月15日，习近平在中共中央政治局委员、重庆市委书记陈敏尔和市长唐良智陪同下，深入石柱土家族自治县的学校、农村，实地了解脱贫攻坚工作情况。</span>\r\n</p>\r\n<p style=\"font-family:&quot;color:#333333;font-size:14px;background-color:#FFFFFF;\">\r\n	<span style=\"font-size:18px;\">&emsp;&emsp;石柱土家族自治县地处武陵山集中连片特困地区，是国家扶贫开发工作重点县。15日中午，习近平一下飞机，就转乘火车、汽车前往石柱县，山路蜿蜒，坡急沟深，辗转3个多小时抵达大山深处的石柱县中益乡华溪村。</span>\r\n</p>\r\n<p style=\"font-family:&quot;color:#333333;font-size:14px;background-color:#FFFFFF;text-align:center;\">\r\n	<img src=\"http://xxjs.dtdjzx.gov.cn/files/image/20190421/1555818076051019943.jpg\" title=\"1555818076051019943.jpg\" alt=\"2.jpg\" />\r\n</p>\r\n<p style=\"font-family:&quot;color:#333333;font-size:14px;background-color:#FFFFFF;\">\r\n	<span style=\"font-size:18px;\">&emsp;<span style=\"font-size:16px;font-family:楷体, 楷体_GB2312, SimKai;\">&emsp;4月15日至17日，中共中央总书记、国家主席、中央军委主席习近平在重庆考察，并主持召开解决“两不愁三保障”突出问题座谈会。这是4月15日下午，习近平在石柱土家族自治县中益乡小学同师生亲切交谈，了解义务教育保障情况。</span></span>\r\n</p>\r\n<p style=\"font-family:&quot;color:#333333;font-size:14px;background-color:#FFFFFF;\">\r\n	<span style=\"font-size:18px;\">&emsp;&emsp;习近平首先来到中益乡小学。学校操场上，小学生们正在开展课外文体活动。看到总书记来了，学生们围拢过来，纷纷问习爷爷好，总书记高兴地同大家交谈，询问他们学习和生活情况。中益乡地处大山深山之中，群众居住比较分散，孩子上学是个难题。习近平指出，“两不愁三保障”，很重要的一条就是义务教育要有保障。再苦不能苦孩子，再穷不能穷教育。要保证贫困山区的孩子上学受教育，有一个幸福快乐的童年。习近平走进师生食堂，仔细察看餐厅、后厨，了解贫困学生餐费补贴和食品安全卫生情况。习近平嘱咐学校和老师既要当好老师，又要当好临时家长，把学生教好、管好。要把安全放在第一位，确保学生在学校学、住、吃都安全，让家长们放心。他希望老师们扎根山区，献身乡村教育事业，为群众脱贫贡献一份力量。</span>\r\n</p>\r\n<p style=\"font-family:&quot;color:#333333;font-size:14px;background-color:#FFFFFF;text-align:center;\">\r\n	<img src=\"http://xxjs.dtdjzx.gov.cn/files/image/20190421/1555818087740037810.jpg\" title=\"1555818087740037810.jpg\" alt=\"3.jpg\" />\r\n</p>\r\n<p style=\"font-family:&quot;color:#333333;font-size:14px;background-color:#FFFFFF;\">\r\n	<span style=\"font-size:18px;\">&emsp;&emsp;<span style=\"font-size:16px;font-family:楷体, 楷体_GB2312, SimKai;\">4月15日至17日，中共中央总书记、国家主席、中央军委主席习近平在重庆考察，并主持召开解决“两不愁三保障”突出问题座谈会。这是4月15日下午，习近平在石柱土家族自治县中益乡华溪村看望贫困户谭登周一家。</span></span>\r\n</p>\r\n<p style=\"font-family:&quot;color:#333333;font-size:14px;background-color:#FFFFFF;\">\r\n	<span style=\"font-size:18px;\">&emsp;&emsp;华溪村人多地少，土地贫瘠，全村有建档立卡贫困户85户、302人，其中8户、19人还没有脱贫。习近平踏着湿滑的石阶登上陡坡，来到贫困户谭登周家，从屋外看到屋内，详细询问老两口生活和身体状况。谭登周夫妇告诉总书记，由于伤病原因暂时丧失了劳动力，生活还比较困难，但土地流转有分红、医疗有救助、低保有兜底，3间住房加固后都很结实，特别是医药费大部分报销，自己只负担一部分，基本生活还是有保障的。习近平指出，基本医保、大病保险、医疗救助是防止老百姓因病返贫的重要保障。这个兜底作用很关键。脱贫攻坚明年就要收官，要把工作往深里做、往实里做，重点做好那些尚未脱贫或因病因伤返贫群众的工作，加快完善低保、医保、医疗救助等相关扶持和保障措施，用制度体系保障贫困群众真脱贫、稳脱贫。</span>\r\n</p>\r\n<p style=\"font-family:&quot;color:#333333;font-size:14px;background-color:#FFFFFF;\">\r\n	<span style=\"font-size:18px;\">&emsp;&emsp;随后，习近平前往老党员、已脱贫户马培清家，沿着乡间小路步行察看自然环境、村容村貌，了解该村通过种植中药材黄精等特色经济作物带动村民脱贫的情况。在马培清家中，看到谷仓里装满粮食，厨房里挂着不少腊肉，温饱不愁，了解到他们家通过参加黄精中药材产业发展和土地入股分红、管护药材基地等方式，实现了稳定脱贫，习近平表示欣慰。</span>\r\n</p>\r\n<p style=\"font-family:&quot;color:#333333;font-size:14px;background-color:#FFFFFF;text-align:center;\">\r\n	<img src=\"http://xxjs.dtdjzx.gov.cn/files/image/20190421/1555818100885033892.jpg\" title=\"1555818100885033892.jpg\" alt=\"4.jpg\" />\r\n</p>\r\n<p style=\"font-family:&quot;color:#333333;font-size:14px;background-color:#FFFFFF;\">\r\n	<span style=\"font-size:16px;font-family:楷体, 楷体_GB2312, SimKai;\">&emsp;&emsp;4月15日至17日，中共中央总书记、国家主席、中央军委主席习近平在重庆考察，并主持召开解决“两不愁三保障”突出问题座谈会。这是4月15日下午，习近平在石柱土家族自治县中益乡华溪村同村民代表、基层干部、扶贫干部、乡村医生等围坐在一起，共话脱贫攻坚。</span>\r\n</p>\r\n<p style=\"font-family:&quot;color:#333333;font-size:14px;background-color:#FFFFFF;\">\r\n	<span style=\"font-size:18px;\">&emsp;&emsp;在马培清家院子，习近平同村民代表、基层干部、扶贫干部、乡村医生等围坐在一起，摆政策，聊变化，谋发展。大家你一言我一语，争相发言，气氛热烈。习近平对乡亲们说，脱贫攻坚是我心里最牵挂的一件大事。这次我专程来看望乡亲们，就是想实地了解“两不愁三保障”是不是真落地，还有哪些问题。小康不小康，关键看老乡，关键看脱贫攻坚工作做得怎么样。全面小康路上一个也不能少。发展才是社会主义，发展必须致力于共同富裕。国家越发展，越要把贫困群众基本生活保障好。各级党委和政府要把“两不愁三保障”各项措施落实到村、到户、到人。要加强乡村两级基层党组织建设，更好发挥在脱贫攻坚中的战斗堡垒作用，提高党在基层的治理能力和服务群众能力。党员干部要到脱贫攻坚的一线、到带领群众脱贫致富的火热实践中历练，经受考验，磨练党性，增进群众感情，增强做好工作的本领。习近平强调，幸福是奋斗出来的。党的政策对老百姓好，才是真正的好。党的各项惠民政策要落实好，乡亲们要一起奋斗，努力向前奔跑，争取早日脱贫致富奔小康。</span>\r\n</p>\r\n<p style=\"font-family:&quot;color:#333333;font-size:14px;background-color:#FFFFFF;\">\r\n	<span style=\"font-size:18px;\">&emsp;&emsp;离开村子时，村民们聚集在村头，高声向总书记问好。习近平同大家亲切握手，祝乡亲们生活越来越幸福。</span>\r\n</p>\r\n<p style=\"font-family:&quot;color:#333333;font-size:14px;background-color:#FFFFFF;\">\r\n	<span style=\"font-size:18px;\">&emsp;&emsp;16日下午，习近平在重庆主持召开解决“两不愁三保障”突出问题座谈会。座谈会上，广西、重庆、四川、贵州、云南、陕西、甘肃、新疆等地党委书记作书面汇报，重庆市石柱土家族自治县县委书记蹇泽西，奉节县平安乡党委书记邹远珍，城口县周溪乡凉风村党支部书记伍东，教育部、住房和城乡建设部、水利部、国家卫生健康委、国家医疗保障局等部门主要负责同志，中共中央政治局委员、国务院副总理胡春华先后发言。</span>\r\n</p>\r\n<p style=\"font-family:&quot;color:#333333;font-size:14px;background-color:#FFFFFF;\">\r\n	<span style=\"font-size:18px;\">&emsp;&emsp;听取大家发言后，习近平发表了重要讲话。他强调，到2020年稳定实现农村贫困人口不愁吃、不愁穿，义务教育、基本医疗、住房安全有保障，是贫困人口脱贫的基本要求和核心指标，直接关系攻坚战质量。总的看，“两不愁”基本解决了，“三保障”还存在不少薄弱环节。各地区各部门要高度重视，统一思想，抓好落实。要摸清底数，聚焦突出问题，明确时间表、路线图，加大工作力度，拿出过硬举措和办法，确保如期完成任务。</span>\r\n</p>\r\n<p style=\"font-family:&quot;color:#333333;font-size:14px;background-color:#FFFFFF;\">\r\n	<span style=\"font-size:18px;\">&emsp;&emsp;习近平强调，脱贫攻坚战进入决胜的关键阶段，务必一鼓作气、顽强作战，不获全胜决不收兵。各省区市党政主要负责同志要增强“四个意识”、坚定“四个自信”、做到“两个维护”，强化政治责任，亲力亲为抓好脱贫攻坚。省级分管扶贫的负责同志要抓好工作落实。各行业部门要围绕脱贫攻坚目标任务，按照尽锐出战要求，切实履职尽责、合力攻坚，对责任不落实、政策不落实、工作不落实影响任务完成的要进行问责。党中央制定了支持深度贫困地区脱贫攻坚的实施意见，各方面都加大了力度，但不能放松。要逐一研究细化实化攻坚举措，攻城拔寨，确保完成脱贫任务。这次脱贫攻坚专项巡视和成效考核发现了不少突出问题和共性问题。各地区各部门要全面排查梳理，确保各类问题整改到位，为明年工作打下良好基础。</span>\r\n</p>\r\n<p style=\"font-family:&quot;color:#333333;font-size:14px;background-color:#FFFFFF;\">\r\n	<span style=\"font-size:18px;\">&emsp;&emsp;习近平指出，脱贫既要看数量，更要看质量。要严把贫困退出关，严格执行退出的标准和程序，确保脱真贫、真脱贫。要把防止返贫摆在重要位置，适时组织对脱贫人口开展“回头看”。要探索建立稳定脱贫长效机制，强化产业扶贫，组织消费扶贫，加大培训力度，促进转移就业，让贫困群众有稳定的工作岗位。要做好易地扶贫搬迁后续帮扶。要加强扶贫同扶志扶智相结合，让脱贫具有可持续的内生动力。</span>\r\n</p>\r\n<p style=\"font-family:&quot;color:#333333;font-size:14px;background-color:#FFFFFF;\">\r\n	<span style=\"font-size:18px;\">&emsp;&emsp;习近平强调，贫困县摘帽后，要继续完成剩余贫困人口脱贫任务，实现已脱贫人口的稳定脱贫。贫困县党政正职要保持稳定，做到摘帽不摘责任。脱贫攻坚主要政策要继续执行，做到摘帽不摘政策。扶贫工作队不能撤，做到摘帽不摘帮扶。要把防止返贫放在重要位置，做到摘帽不摘监管。要保持政策稳定性、连续性。</span>\r\n</p>\r\n<p style=\"font-family:&quot;color:#333333;font-size:14px;background-color:#FFFFFF;\">\r\n	<span style=\"font-size:18px;\">&emsp;&emsp;习近平指出，要把全面从严治党要求贯穿脱贫攻坚全过程，强化作风建设，完善和落实抓党建促脱贫的体制机制，发挥基层党组织带领群众脱贫致富的战斗堡垒作用，深化扶贫领域腐败和作风问题专项治理，把基层减负各项决策落到实处。对奋战在脱贫攻坚一线的同志要关心他们的生活、健康、安全，对牺牲干部的家属要及时给予抚恤、长期帮扶慰问。对在基层一线干出成绩、群众欢迎的干部，要注意培养使用。对那些畏苦畏难、敷衍了事、弄虚作假的扶贫干部，要加强教育管理，该撤换的要及时撤换，该问责的要坚决问责。</span>\r\n</p>\r\n<p style=\"font-family:&quot;color:#333333;font-size:14px;background-color:#FFFFFF;\">\r\n	<span style=\"font-size:18px;\">&emsp;&emsp;17日上午，习近平听取了重庆市委和市政府工作汇报，对重庆各项工作取得的成绩给予肯定，希望重庆全面落实党中央决策部署，牢牢把握稳中求进工作总基调，坚持新发展理念，统筹做好稳增长、促改革、调结构、惠民生、防风险、保稳定工作，持续营造风清气正的政治生态，更加注重从全局谋划一域、以一域服务全局，努力在推进新时代西部大开发中发挥支撑作用、在推进共建“一带一路”中发挥带动作用、在推进长江经济带绿色发展中发挥示范作用。</span>\r\n</p>\r\n<p style=\"font-family:&quot;color:#333333;font-size:14px;background-color:#FFFFFF;\">\r\n	<span style=\"font-size:18px;\">&emsp;&emsp;习近平强调，党中央通过了《关于新时代推进西部大开发形成新格局的指导意见》。这是党中央从全局出发作出的重大决策部署，对决胜全面建成小康社会、开启全面建设社会主义现代化国家新征程具有重大而深远的意义。重庆要抓好贯彻落实，在推进西部大开发形成新格局中展现新作为、实现新突破。要坚定不移推动高质量发展，扭住深化供给侧结构性改革这条主线，把制造业高质量发展放到更加突出的位置，加快构建市场竞争力强、可持续的现代产业体系。要加大创新支持力度，坚定不移推进改革开放，努力在西部地区带头开放、带动开放。要加快推动城乡融合发展，建立健全城乡一体融合发展的体制机制和政策体系，推动区域协调发展。要深入抓好生态文明建设，坚持上中下游协同，加强生态保护与修复，筑牢长江上游重要生态屏障。</span>\r\n</p>\r\n<p style=\"font-family:&quot;color:#333333;font-size:14px;background-color:#FFFFFF;\">\r\n	<span style=\"font-size:18px;\">&emsp;&emsp;习近平指出，要按照党中央总体部署，结合自身实际，精心组织实施庆祝新中国成立70周年各项工作。要围绕中国共产党为什么“能”、马克思主义为什么“行”、中国特色社会主义为什么“好”等重大问题，广泛开展宣传教育，加强思想舆论引导，坚定广大干部群众对中国特色社会主义的道路自信、理论自信、制度自信、文化自信，进一步激发全体人民爱党、爱国、爱社会主义的巨大热情。</span>\r\n</p>\r\n<p style=\"font-family:&quot;color:#333333;font-size:14px;background-color:#FFFFFF;\">\r\n	<span style=\"font-size:18px;\">&emsp;&emsp;习近平强调，要从最困难的群体入手，从最突出的问题着眼，从最具体的工作抓起，通堵点、疏痛点、消盲点，全面解决好同老百姓生活息息相关的教育、就业、社保、医疗、住房、环保、社会治安等问题，集中全力做好普惠性、基础性、兜底性民生建设。要着力抓好安全生产、食品药品安全、防范重特大自然灾害、维护社会稳定工作，不断增强人民群众获得感、幸福感、安全感。</span>\r\n</p>\r\n<p style=\"font-family:&quot;color:#333333;font-size:14px;background-color:#FFFFFF;\">\r\n	<span style=\"font-size:18px;\">&emsp;&emsp;习近平指出，要贯彻党中央部署，切实加强党的政治建设，培养一支忠诚干净担当的高素质干部队伍，积极营造建功新时代、创造新业绩的浓厚氛围和良好环境，用正确思想、优良作风、良好导向、正面典型持续激荡清风正气。要加强党的基层组织建设，推动基层党组织全面进步、全面过硬。要坚决整治形式主义、官僚主义，让基层干部从繁文缛节、文山会海、迎来送往中解脱出来。要保持惩治腐败高压态势，巩固反腐败斗争压倒性胜利。</span>\r\n</p>\r\n<p style=\"font-family:&quot;color:#333333;font-size:14px;background-color:#FFFFFF;\">\r\n	<span style=\"font-size:18px;\">&emsp;&emsp;丁薛祥、刘鹤、胡春华、何立峰等参加上述活动，陈全国、陈敏尔出席座谈会。</span>\r\n</p>', '0', null, null, null, '0', '2019-04-27 11:52:21', '1', null, null, null, null);
INSERT INTO `task` VALUES ('4', '5', '1', '2019-04-27 11:53:07', '东营区史口镇：念好“三字诀”，推动镇村企党建大融合', '东营区史口镇：念好“三字诀”，推动镇村企党建大融合', '2019-05-05', '<p style=\"font-family:&quot;color:#333333;font-size:medium;background-color:#FFFFFF;text-align:justify;\">\r\n	<span style=\"font-family:宋体, SimSun;color:#676767;font-size:20px;\">日前，东营区史口镇党委以“我们在一起”为主题组织开展镇村企党建融合活动，念好“活、近、深”三字诀，以深刻的主题、丰富的内容、强烈的仪式感增强活动吸引力和教育效果，实现党建阵地共用、党员活动共办、党建成果共享，同时搭建起镇村企各领域间互动交流的平台，进一步深化党建引领作用，凝聚各领域发展合力。</span>\r\n</p>\r\n<p style=\"font-family:&quot;color:#333333;font-size:medium;background-color:#FFFFFF;text-align:center;\">\r\n	<span style=\"font-family:宋体, SimSun;color:#676767;font-size:20px;\"><img src=\"http://dongyingdj.gov.cn/data/upload/ueditor/20190426/5cc25fe99f7df.JPG\" title=\"IMG_5657.JPG\" alt=\"IMG_5657.JPG\" /></span>\r\n</p>\r\n<p style=\"font-family:&quot;color:#333333;font-size:medium;background-color:#FFFFFF;text-align:justify;\">\r\n	<span style=\"font-family:宋体, SimSun;color:#676767;font-size:20px;\">&emsp;&emsp;用好功能室，党建阵地更“活”。</span><span style=\"font-family:宋体, SimSun;color:#676767;font-size:20px;\">史口镇打造了“梦工场”园区党群服务中心，根据各功能室主题设置多种特色活动，按照“一个阵地一个主题”的活动设计原则，让“场所随着活动变”，确保党群服务中心内部布局和活动主题贴合度。同时，史口镇党委将此次活动作为“两新”党建共建阵地开放化的初步尝试，在阵地打造上重点突显休闲服务和互动体验两大特色，实现了两新阵地由“自建自用”到“共建共用”的突破，推动非公企更面向群众、更服务社会、更参与到全域协调发展的大局中来。</span>\r\n</p>\r\n<p style=\"font-family:&quot;color:#333333;font-size:medium;background-color:#FFFFFF;text-align:center;\">\r\n	<span style=\"font-family:宋体, SimSun;color:#676767;font-size:20px;\"><img src=\"http://dongyingdj.gov.cn/data/upload/ueditor/20190426/5cc260037819c.JPG\" title=\"IMG_7001.JPG\" alt=\"IMG_7001.JPG\" /></span>\r\n</p>\r\n<p style=\"font-family:&quot;color:#333333;font-size:medium;background-color:#FFFFFF;text-align:justify;\">\r\n	<span style=\"font-family:宋体, SimSun;color:#676767;font-size:20px;\">&emsp;&emsp;跨领域互动，党员距离更“近”。</span><span style=\"font-family:宋体, SimSun;color:#676767;font-size:20px;\">史口镇党委将各领域的入党申请人、入党积极分子进行随机分组，采取各小组自行推选活动组长、自主认领活动主题、自选活动场所的方式确保活动自主性。各小组长根据活动方案灵活设计活动流程、组织互动活动、提炼成果经验，在激发参加人员主人翁意识的同时，也让各领域的入党申请人、入党积极分子在活动中增进了感情，形成了团队凝聚力。</span>\r\n</p>\r\n<p style=\"font-family:&quot;color:#333333;font-size:medium;background-color:#FFFFFF;text-align:center;\">\r\n	<span style=\"font-family:宋体, SimSun;color:#676767;font-size:20px;\"><img src=\"http://dongyingdj.gov.cn/data/upload/ueditor/20190426/5cc26010c85ed.JPG\" title=\"IMG_7038.JPG\" alt=\"IMG_7038.JPG\" /></span>\r\n</p>\r\n<p style=\"font-family:&quot;color:#333333;font-size:medium;background-color:#FFFFFF;text-align:justify;\">\r\n	<span style=\"font-family:宋体, SimSun;color:#676767;font-size:20px;\">&emsp;&emsp;创新教育形式，感悟体会更“深”。</span><span style=\"font-family:宋体, SimSun;color:#676767;font-size:20px;\">为充分调动参加人员特别是年轻党员的积极性，史口镇党委创新设计了五组活动形式：在誓词体验厅开展红色有约沙龙暨观看红色教育片活动，进行观影式教育；在故事体验厅开展经典革命故事体验活动，进行情景式教育；在创想空间会议室开展党工共建主题研讨活动，进行研讨式教育；在红色艺坊开展“感党恩更出彩”手工艺活动，进行实践式教育；在红色书吧开展“悦读越快乐”活动，进行自我启发式教育。多样化、互动式的教学模式不仅增强了活动感染力、更加适应年轻党员学习潮流，也让党员在亲身参与中体会到身为一名党员的荣誉感和责任感，提升了培训实效。</span>\r\n</p>', '0', 'dep', '', null, '0', '2019-04-27 11:53:07', '1', null, null, null, null);
INSERT INTO `task` VALUES ('5', '1', '1', '2019-04-27 11:53:48', '垦利区畅通人才引进通道集聚优质智力资源', '垦利区畅通人才引进通道集聚优质智力资源', '2019-05-04', '<p style=\"font-family:&quot;color:#333333;font-size:medium;background-color:#FFFFFF;text-align:justify;\">\r\n	<span style=\"font-family:宋体, SimSun;color:#676767;font-size:20px;\">垦利区紧紧围绕产业特点和企业转型升级需要，立足改革创新，坚持引育并举，突出精准服务，不断加强企业与高校在招才引智、技术开发与成果推广、项目合作研究等方面合作，为助推全区产业转型升级提供了强有力的人才智力支撑。</span>\r\n</p>\r\n<p style=\"font-family:&quot;color:#333333;font-size:medium;background-color:#FFFFFF;text-align:center;\">\r\n	<span style=\"font-family:宋体, SimSun;color:#676767;font-size:20px;\"><img src=\"http://dongyingdj.gov.cn/data/upload/ueditor/20190409/5cabee54803d9.png\" title=\"图片1.png\" alt=\"图片1.png\" /></span>\r\n</p>\r\n<p style=\"color:#333333;font-size:16px;text-align:justify;\">\r\n	<span style=\"font-family:宋体, SimSun;color:#676767;font-size:20px;\">&emsp;&emsp;校招驱动，不断拓展引才渠道。</span><span style=\"font-family:宋体, SimSun;color:#676767;font-size:20px;\">深入开展“名校名企直通车”“优秀企业校园行”等招才引智活动，与全国高校，特别是东北地区高校开展系列招聘、校企对接活动，加强合作交流，为全区引进急需紧缺人才探索新渠道，开拓新基地。3月18日至22日，垦利区组织区域内万达集团、万得福集团、新发药业和一邦农业4家企业，以及垦利区大学生创业园、中关村黄河口创业孵化基地先后赴长春工业大学、吉林工程技术师范学院、长春理工大学和黑龙江大学，组织开展</span><span style=\"font-family:宋体, SimSun;color:#676767;font-size:20px;\">座谈会、双选会和宣讲会，达成就业意向230余人，搭建了用人单位招聘和高校毕业生就业的“绿色通道”。</span>\r\n</p>\r\n<p style=\"color:#333333;font-size:16px;text-align:center;\">\r\n	<span style=\"font-family:宋体, SimSun;color:#676767;font-size:20px;\"><img src=\"http://dongyingdj.gov.cn/data/upload/ueditor/20190409/5cabee6323531.png\" title=\"图片3.png\" alt=\"图片3.png\" /></span>\r\n</p>\r\n<p style=\"font-family:&quot;color:#333333;font-size:medium;background-color:#FFFFFF;text-align:justify;\">\r\n	<span style=\"font-family:宋体, SimSun;color:#676767;font-size:20px;\">&emsp;&emsp;柔性驱动，精准对接产业需求。</span><span style=\"font-family:宋体, SimSun;color:#676767;font-size:20px;\">强化产学研合作模式，完善融高端化、定制化、智能化于一体的“产学研”人才培育及引进机制，创新高层次、高素质、高技能人才培养模式。积极促成山东陆海蓝圣生物科技股份有限公司与长春工业大学合作，深化甲壳素开发与应用、壳寡糖酶法生产技术等合作项目；共同举办了产学研及联合人才培养交流会，加快人才链、产业链、学科链和创新链的有机衔接，有效推动了产学研用有机结合。</span>\r\n</p>\r\n<p style=\"color:#333333;font-size:16px;text-align:center;\">\r\n	<span style=\"font-family:宋体, SimSun;color:#676767;font-size:20px;\"><img src=\"http://dongyingdj.gov.cn/data/upload/ueditor/20190409/5cabee6e88d8f.png\" title=\"图片4.png\" alt=\"图片4.png\" /></span>\r\n</p>\r\n<p style=\"font-family:&quot;color:#333333;font-size:medium;background-color:#FFFFFF;\">\r\n	<span style=\"font-family:宋体, SimSun;color:#676767;font-size:20px;\">&emsp;&emsp;平台驱动，扩大人才集聚规模。</span><span style=\"font-family:宋体, SimSun;color:#676767;font-size:20px;\">通过校企合作模式，建立学生实训、实习（就业）基地，为学生创造良好的学习实践舞台，为企业遴选人才提供平台，共创合作共赢典范。陕西科技大学分别与垦利石化集团和万达集团、长春工业大学与万达集团签定合作协议，并授牌“大学生实习、实训（就业）基地”，为垦利人才招聘与选拔提供了优质平台，为打造和培养适应企业岗位需求和发展型人才打牢了基础。</span><span style=\"font-family:宋体, SimSun;color:#676767;font-size:20px;\">充分发挥大学习创业园等省市级孵化基地作用，使其成为引育人才的龙头平台、主干平台，目前全区创业园共入驻企业580余家，带动就业3000余人，平台人才集聚效应初显成效。</span>\r\n</p>\r\n<p style=\"font-family:&quot;color:#333333;font-size:medium;background-color:#FFFFFF;\">\r\n	<span style=\"font-family:宋体, SimSun;color:#676767;font-size:20px;\">&emsp;&emsp;下一步，垦利区将提供更加优惠的政策，更加积极、更加诚恳、更加务实的思维方式和工作态度，深化“政校企”合作，充分挖掘和发挥校企双方核心资源优势，努力实现更高质量的资源共享、互惠互利、共赢发展，努力把“招才引智”工作推向深入，为全区经济社会发展提供强有力的人才智力支撑。</span>\r\n</p>\r\n<div>\r\n	<br />\r\n</div>', '0', null, null, null, '0', '2019-04-27 11:53:48', '1', null, null, null, null);
INSERT INTO `task` VALUES ('6', '1', '1', '2019-04-27 11:54:18', '河口区2019年第一期科级干部理论研讨班开班', '河口区2019年第一期科级干部理论研讨班开班', '2019-05-04', '<p style=\"font-family:&quot;color:#333333;font-size:medium;background-color:#FFFFFF;text-align:justify;\">\r\n	<span style=\"font-family:宋体, SimSun;color:#676767;font-size:20px;\">4月15日，河口区2019年第一期科级干部理论研讨班开班。各镇街、区直有关部门单位的48名科级干部参加培训。</span>\r\n</p>\r\n<p style=\"font-family:&quot;color:#333333;font-size:medium;background-color:#FFFFFF;text-align:center;\">\r\n	<span style=\"font-family:宋体, SimSun;color:#676767;font-size:20px;\"><img src=\"http://dongyingdj.gov.cn/data/upload/ueditor/20190416/5cb52aa2e51b0.jpg\" title=\"微信图片_20190415105655_副本.jpg\" alt=\"微信图片_20190415105655_副本.jpg\" /></span>\r\n</p>\r\n<p style=\"color:#333333;font-size:16px;text-align:justify;\">\r\n	<span style=\"font-family:宋体, SimSun;color:#676767;font-size:20px;\">&emsp;&emsp;培训班指出，</span><span style=\"font-family:宋体, SimSun;color:#676767;font-size:20px;\">当前，河口区正处于高质量发展的关键时期，区委举办这期研讨班，旨在通过系统化培训，进一步增强领导干部的综合能力，开阔视野，启发思维，提升境界，提高素质。</span><span style=\"font-family:宋体, SimSun;color:#676767;font-size:20px;\">全体学员要做到学以立德、学以增智、学以创业，端正学习态度，明确学习目的。</span><span style=\"font-family:宋体, SimSun;color:#676767;font-size:20px;\">要静下心来学习、带着问题思考、立足岗位实践、在锤炼党性中感悟，积极学思践悟，确保培训实效。</span><span style=\"font-family:宋体, SimSun;color:#676767;font-size:20px;\">要严守组织管理纪律、课堂学习纪律和生活作息纪律，切实以良好的学风展示自身良好形象。</span>\r\n</p>\r\n<p style=\"font-family:&quot;color:#333333;font-size:medium;background-color:#FFFFFF;text-align:justify;\">\r\n	<span style=\"font-family:宋体, SimSun;color:#676767;font-size:20px;\">&emsp;&emsp;此次培训班为期一个月，课程安排科学紧凑，内容充实，不仅邀请区委领导、区直部门单位相关负责人、区委党校教师进行集中授课，还邀请省市委党校教授进行专题辅导。</span><span style=\"font-family:宋体, SimSun;color:#676767;font-size:20px;\">另外，还设置了班务活动、区内考察、异地教学等丰富多彩的学习活动。</span><span style=\"font-family:宋体, SimSun;color:#676767;font-size:20px;\">旨在通过系统化、科学化的学习培训，进一步提升干部队伍综合素质和能力，为加快建设美丽幸福新河口提供坚实的人才保障。</span>\r\n</p>', '0', null, null, null, '0', '2019-04-27 11:54:18', '1', null, null, null, null);
INSERT INTO `task` VALUES ('7', '1', '1', '2019-04-27 11:55:02', '垦利区组织开展机关党建工作实务培训', '垦利区组织开展机关党建工作实务培训', '2019-05-04', '<p style=\"font-family:&quot;color:#333333;font-size:medium;background-color:#FFFFFF;text-align:justify;\">\r\n	<span style=\"font-family:宋体, SimSun;color:#676767;font-size:20px;\">&emsp;为进一步提升机关党建工作规范化水平、提升党务干部实务操作能力，4月10日，垦利区举办2019年机关党务干部实务培训。区直机关200余名党建分管领导及党务干部参加培训。</span>\r\n</p>\r\n<p style=\"font-family:&quot;color:#333333;font-size:medium;background-color:#FFFFFF;text-align:center;\">\r\n	<span style=\"font-family:宋体, SimSun;color:#676767;font-size:20px;\"><img src=\"http://dongyingdj.gov.cn/data/upload/ueditor/20190412/5cafe28a6fe60.jpg\" title=\"微信图片_20190410155746.jpg\" alt=\"微信图片_20190410155746.jpg\" /></span>\r\n</p>\r\n<p style=\"font-family:&quot;color:#333333;font-size:medium;background-color:#FFFFFF;text-align:center;\">\r\n	<span style=\"font-family:宋体, SimSun;color:#676767;font-size:20px;\"><img src=\"http://dongyingdj.gov.cn/data/upload/ueditor/20190412/5cafe29e22aad.jpg\" title=\"微信图片_20190411084212.jpg\" alt=\"微信图片_20190411084212.jpg\" /></span>\r\n</p>\r\n<p style=\"font-family:&quot;color:#333333;font-size:medium;background-color:#FFFFFF;text-align:center;\">\r\n	<span style=\"font-family:宋体, SimSun;color:#676767;font-size:20px;\"><img src=\"http://dongyingdj.gov.cn/data/upload/ueditor/20190412/5cafe2a86fa0a.jpg\" title=\"微信图片_20190411084231.jpg\" alt=\"微信图片_20190411084231.jpg\" /></span>\r\n</p>\r\n<p style=\"font-family:&quot;color:#333333;font-size:medium;background-color:#FFFFFF;text-align:justify;\">\r\n	<span style=\"font-family:宋体, SimSun;color:#676767;font-size:20px;\">&emsp;&emsp;培训坚持问题导向，结合党建工作实践中存在的问题，对党建业务融合化、党建阵地建设、党内生活和党建活动、发展党员、党组织设置及换届选举、党费核算及收缴、“灯塔—党建在线”使用及组织关系接转、党旗党员徽章的使用等内容进行了系统讲解。对明确纪检检查委员职责，做好纪检检查委员工作进行了专题培训。</span>\r\n</p>\r\n<p style=\"font-family:&quot;color:#333333;font-size:medium;background-color:#FFFFFF;text-align:center;\">\r\n	<span style=\"font-family:宋体, SimSun;color:#676767;font-size:20px;\"><img src=\"http://dongyingdj.gov.cn/data/upload/ueditor/20190412/5cafe2b72b5eb.jpg\" title=\"微信图片_20190410152131.jpg\" alt=\"微信图片_20190410152131.jpg\" /></span>\r\n</p>\r\n<p style=\"font-family:&quot;color:#333333;font-size:medium;background-color:#FFFFFF;text-align:justify;\">\r\n	<span style=\"font-family:宋体, SimSun;color:#676767;font-size:20px;\">&emsp;&emsp;参训的党务干部表示，本次培训围绕党建日常工作中面临的问题，讲解全面、直观、细致，具有很强的针对性和指导性，将充分运用本次培训内容，扎实做好本单位的党务工作。</span>\r\n</p>', '0', null, null, null, '0', '2019-04-27 11:55:02', '1', null, null, null, null);
INSERT INTO `task` VALUES ('8', '6', '1', '2019-04-27 11:56:02', '孙早军在中共东营市纪委六届四次全会上的工作报告', '孙早军在中共东营市纪委六届四次全会上的工作报告', '2019-05-04', '<p style=\"font-size:16px;color:#333333;font-family:微软雅黑, &quot;background-color:#FFFFFF;text-align:justify;\">\r\n	去年底以来，市县纪检监察机关对部分受处分党员干部集中进行了回访教育。近日，市委常委、市纪委书记、市监委主任孙早军在一名党员干部接受市纪委回访后的《思想汇报》上作出批示：\r\n</p>\r\n<p style=\"font-size:16px;color:#333333;font-family:微软雅黑, &quot;background-color:#FFFFFF;text-align:justify;\">\r\n	&emsp;&emsp;<strong>我们党是马克思主义科学理论指导下建立起来的政党，具有无比的先进性。惩前毖后、治病救人是我们党的一贯方针，对待犯了错误的党员干部，严格依纪依规审查调查是全面从严治党的必然要求，但不能“一棍子打死”，也不能“一处了之”，更不能总戴着“有色眼镜”对待，要坚持实事求是原则，只要他们对党忠诚、真诚认错悔错改错，就要给政策、给机会、给出路。如果他们做出突出成绩，得到群众公认，该表彰的要表彰，该重用的要重用，该提拔的要提拔。</strong>\r\n</p>\r\n<p style=\"font-size:16px;color:#333333;font-family:微软雅黑, &quot;background-color:#FFFFFF;text-align:justify;\">\r\n	<strong>&emsp;&emsp;受处分党员干部所在部门单位的党组织要对其表现情况进行全面细致地考察，如果这些同志确实真心悔过，积极改错，努力工作，就应该按照干部管理使用有关规定，合理安排工作岗位，帮助他们重新站起来，振作精神、干事创业，继续为党和人民服务。浪子回头金不换，有错能改善莫大焉，组织对待党员不离不弃，组织对待党员有宽广的胸怀，我们就要树立这样鲜明的导向。</strong>\r\n</p>\r\n<p style=\"font-size:16px;color:#333333;font-family:微软雅黑, &quot;background-color:#FFFFFF;text-align:justify;\">\r\n	<strong>&emsp;&emsp;全市各级纪检监察机关要持续加强对受处分党员干部的关爱回访，加强思想教育，充分体现党的政策，鼓励他们担当作为、干事创业，为新时代东营发展做出新贡献！</strong>\r\n</p>\r\n<p style=\"font-size:16px;color:#333333;font-family:微软雅黑, &quot;background-color:#FFFFFF;text-align:justify;\">\r\n	&emsp;&emsp;对此，市纪委有关负责同志进一步表示，纪检监察机关是政治机关，纪检监察工作本质上是做人的工作，根本的是惩前毖后、治病救人，凝聚党心、凝聚人心。查办案件不是为了惩治而惩治，更不是处理人越多越好、处分越重越好，目的还是教育人、感化人、挽救人，必须珍惜每一名干部的政治生命，不放弃、抛弃任何一个诚心悔改的干部。市纪委市监委通过经常开展关爱回访，一方面，突出思想帮助和教育鼓励，与受处分党员干部面对面交流，进行积极的心理疏导和教育关怀，让他们切实感受到组织的关爱和温暖，帮助他们解开心结、打消顾虑，重新振作起来、重拾信心，继续为党的事业努力工作。另一方面，向受处分党员干部所在部门单位党组织传导压力，要求党组织切实担负起管党治党主体责任，既要严管又要厚爱，既要加强对受处分党员干部的日常监督管理，也要全面考察、综合考量干部受处分期间及处分解除后的思想、作风、工作、生活等表现情况。对认真悔错改错、做出突出成绩、得到群众公认的，组织上要说到做到，不能抱有偏见，该表彰的表彰，该重用的重用，该提拔的提拔，鼓励他们放下思想包袱，大胆干事创业。党的十九大以来，全市纪检监察机关已对53名受处分党员干部进行了关爱回访，取得了良好政治效果、纪法效果和社会效果。\r\n</p>', '0', null, null, null, '0', '2019-04-27 11:56:02', '1', null, null, null, null);
INSERT INTO `task` VALUES ('9', '6', '1', '2019-04-27 11:56:45', '党政领导干部考核工作条例', '党政领导干部考核工作条例', '2019-05-04', '<p style=\"font-size:18px;color:#333333;font-family:\"background-color:#FFFFFF;text-align:center;\">\r\n	<span style=\"font-family:simhei;\"><strong>第一章 总  则</strong></span>\r\n</p>\r\n<p style=\"font-size:18px;color:#333333;font-family:\"background-color:#FFFFFF;\">\r\n	  第一条 为了坚持和加强党的全面领导，坚持党要管党、全面从严治党，推动各级党政领导班子和领导干部做到忠诚干净担当、带头贯彻落实党中央决策部署，完善干部考核评价机制，建设一支信念坚定、为民服务、勤政务实、敢于担当、清正廉洁的高素质党政领导干部队伍，根据《中国共产党章程》和有关法律，制定本条例。\r\n</p>\r\n<p style=\"font-size:18px;color:#333333;font-family:\"background-color:#FFFFFF;\">\r\n	  第二条 本条例所称考核工作，是指党委（党组）及其组织（人事）部门按照干部管理权限，对党政领导班子和领导干部的政治素质、履职能力、工作成效、作风表现等所进行的了解、核实和评价，以此作为加强领导班子和领导干部队伍建设的重要依据。\r\n</p>\r\n<p style=\"font-size:18px;color:#333333;font-family:\"background-color:#FFFFFF;\">\r\n	  考核方式主要包括平时考核、年度考核、专项考核、任期考核。\r\n</p>\r\n<p style=\"font-size:18px;color:#333333;font-family:\"background-color:#FFFFFF;\">\r\n	  第三条 考核工作以马克思列宁主义、毛泽东思想、邓小平理论、“三个代表”重要思想、科学发展观、习近平新时代中国特色社会主义思想为指导，贯彻落实新时代党的建设总要求和新时代党的组织路线，坚持把政治标准放在首位，着眼于实现“两个一百年”奋斗目标，突出考核贯彻党中央重大决策部署，统筹推进“五位一体”总体布局和协调推进“四个全面”战略布局、贯彻落实新发展理念的实际成效，坚持严管和厚爱结合、激励和约束并重，奖勤罚懒、奖优罚劣，调动各级党政领导班子和领导干部积极性、主动性、创造性，树立讲担当、重担当、改革创新、干事创业的鲜明导向。\r\n</p>\r\n<p style=\"font-size:18px;color:#333333;font-family:\"background-color:#FFFFFF;\">\r\n	  第四条 考核工作坚持下列原则：\r\n</p>\r\n<p style=\"font-size:18px;color:#333333;font-family:\"background-color:#FFFFFF;\">\r\n	  （一）党管干部；\r\n</p>\r\n<p style=\"font-size:18px;color:#333333;font-family:\"background-color:#FFFFFF;\">\r\n	  （二）德才兼备、以德为先；\r\n</p>\r\n<p style=\"font-size:18px;color:#333333;font-family:\"background-color:#FFFFFF;\">\r\n	  （三）事业为上、公道正派；\r\n</p>\r\n<p style=\"font-size:18px;color:#333333;font-family:\"background-color:#FFFFFF;\">\r\n	  （四）注重实绩、群众公认；\r\n</p>\r\n<p style=\"font-size:18px;color:#333333;font-family:\"background-color:#FFFFFF;\">\r\n	  （五）客观全面、简便有效；\r\n</p>\r\n<p style=\"font-size:18px;color:#333333;font-family:\"background-color:#FFFFFF;\">\r\n	  （六）考用结合、奖惩分明。\r\n</p>\r\n<p style=\"font-size:18px;color:#333333;font-family:\"background-color:#FFFFFF;\">\r\n	  第五条 本条例适用于考核中共中央、全国人大常委会、国务院、全国政协工作部门或者有关工作机构的领导班子和领导干部；中央纪委国家监委领导班子和领导干部（不含正职）；最高人民法院、最高人民检察院领导班子和领导干部（不含正职）；县级以上地方各级党委、人大常委会、政府、政协、纪委监委、法院、检察院的领导班子和领导干部；县级以上地方各级党委、人大常委会、政府、政协工作部门或者有关工作机构的领导班子和领导干部。\r\n</p>\r\n<p style=\"font-size:18px;color:#333333;font-family:\"background-color:#FFFFFF;\">\r\n	  参照公务员法管理的县级以上党委和政府直属事业单位、群团组织的领导班子和领导干部的考核，参照本条例执行。\r\n</p>\r\n<p style=\"font-size:18px;color:#333333;font-family:\"background-color:#FFFFFF;\">\r\n	  第六条 中央和国家机关领导班子和领导干部应当在思想上政治上行动上发挥表率作用，带头接受高标准严格考核。\r\n</p>\r\n<p style=\"font-size:18px;color:#333333;font-family:\"background-color:#FFFFFF;text-align:center;\">\r\n	<span style=\"font-family:simhei;\"><strong>第二章 考核内容</strong></span>\r\n</p>\r\n<p style=\"font-size:18px;color:#333333;font-family:\"background-color:#FFFFFF;\">\r\n	  第七条 领导班子考核内容主要包括：\r\n</p>\r\n<p style=\"font-size:18px;color:#333333;font-family:\"background-color:#FFFFFF;\">\r\n	  （一）政治思想建设。全面考核领导班子坚决维护习近平总书记党中央的核心、全党的核心地位，坚决维护党中央权威和集中统一领导，坚持和加强党的全面领导，执行党的理论和路线方针政策，增强“四个意识”，做到“四个服从”，遵守政治纪律和政治规矩的情况；用习近平新时代中国特色社会主义思想武装头脑，坚定理想信念，坚定“四个自信”，不忘初心、牢记使命的情况；坚持民主集中制，执行新形势下党内政治生活若干准则，发现和解决自身问题，营造风清气正政治生态的情况；践行新时代党的组织路线，贯彻新时期好干部标准，树立正确选人用人导向的情况。\r\n</p>\r\n<p style=\"font-size:18px;color:#333333;font-family:\"background-color:#FFFFFF;\">\r\n	  （二）领导能力。全面考核领导班子适应新时代要求、落实党中央决策部署、完成目标任务的能力，重点了解学习本领、政治领导本领、改革创新本领、科学发展本领、依法执政本领、群众工作本领、狠抓落实本领、驾驭风险本领。\r\n</p>\r\n<p style=\"font-size:18px;color:#333333;font-family:\"background-color:#FFFFFF;\">\r\n	  （三）工作实绩。全面考核领导班子政绩观和工作成效。考核政绩观，主要看是否恪守立党为公、执政为民理念，是否具有“功成不必在我”精神，以造福人民为最大政绩，真正做到对历史和人民负责。考核地方党委和政府领导班子的工作实绩，应当看全面工作，看推动本地区经济建设、政治建设、文化建设、社会建设、生态文明建设，解决发展不平衡不充分问题，满足人民日益增长的美好生活需要的情况和实际成效。考核其他领导班子的工作实绩，主要看全面履行职能、服务大局和中心工作的情况和实际成效。注重考核各级党委（党组）领导班子落实新时代党的建设总要求、抓党建工作的实绩。\r\n</p>\r\n<p style=\"font-size:18px;color:#333333;font-family:\"background-color:#FFFFFF;\">\r\n	  （四）党风廉政建设。全面考核领导班子履行管党治党政治责任，加强党风廉政建设，持之以恒正风肃纪，推进反腐败斗争等情况。\r\n</p>\r\n<p style=\"font-size:18px;color:#333333;font-family:\"background-color:#FFFFFF;\">\r\n	  （五）作风建设。全面考核领导班子坚持以人民为中心，贯彻党的群众路线，密切联系群众，为群众排忧解难，全心全意为人民服务的情况；结合实际落实党中央决策部署，增强人民获得感、幸福感、安全感的情况；深入改进作风，落实中央八项规定及其实施细则精神，反对“四风”特别是形式主义、官僚主义的情况；实事求是，真抓实干，察实情、出实招、办实事、求实效的情况。\r\n</p>\r\n<p style=\"font-size:18px;color:#333333;font-family:\"background-color:#FFFFFF;\">\r\n	  第八条 领导干部考核内容主要包括：\r\n</p>\r\n<p style=\"font-size:18px;color:#333333;font-family:\"background-color:#FFFFFF;\">\r\n	  （一）德。全面考核领导干部政治品质和道德品行。考核领导干部的政治品质，重点了解坚定理想信念、对党忠诚、尊崇党章、遵守政治纪律和政治规矩，在思想上政治上行动上同以习近平同志为核心的党中央保持高度一致等情况。考核领导干部的道德品行，重点了解坚守忠诚老实、公道正派、实事求是、清正廉洁等价值观，遵守社会公德、职业道德、家庭美德和个人品德等情况。\r\n</p>\r\n<p style=\"font-size:18px;color:#333333;font-family:\"background-color:#FFFFFF;\">\r\n	  （二）能。全面考核领导干部履职尽责特别是应对突发事件、群体性事件过程中的政治能力、专业素养和组织领导能力等情况。\r\n</p>\r\n<p style=\"font-size:18px;color:#333333;font-family:\"background-color:#FFFFFF;\">\r\n	  （三）勤。全面考核领导干部的精神状态和工作作风，重点了解发扬革命精神、斗争精神，坚持“三严三实”，勤勉敬业、恪尽职守，认真负责、紧抓快办，锐意进取、敢于担当，艰苦奋斗、甘于奉献等情况。\r\n</p>\r\n<p style=\"font-size:18px;color:#333333;font-family:\"background-color:#FFFFFF;\">\r\n	  （四）绩。全面考核领导干部坚持正确政绩观，履职尽责、完成日常工作、承担急难险重任务、处理复杂问题、应对重大考验的情况和实际成效。考核党委（党组）书记的工作实绩，首先看抓党建工作的成效，考核领导班子其他党员领导干部的工作实绩应当加大抓党建工作的权重。\r\n</p>\r\n<p style=\"font-size:18px;color:#333333;font-family:\"background-color:#FFFFFF;\">\r\n	  （五）廉。全面考核领导干部落实党风廉政建设“一岗双责”政治责任，遵守廉洁自律准则，带头落实中央八项规定及其实施细则精神，秉公用权，树立良好家风，严格要求亲属和身边工作人员，反对“四风”和特权思想、特权现象等情况。\r\n</p>\r\n<p style=\"font-size:18px;color:#333333;font-family:\"background-color:#FFFFFF;\">\r\n	  第九条 具体考核内容的确定必须以贯彻党中央精神为前提，根据党中央决策部署及时调整优化。\r\n</p>\r\n<p style=\"font-size:18px;color:#333333;font-family:\"background-color:#FFFFFF;\">\r\n	  第十条 落实新发展理念，突出高质量发展导向，构建推动高质量发展指标体系，改进推动高质量发展的政绩考核，因地制宜合理设置经济社会发展实绩考核指标和权重，突出对打好重点任务攻坚战的考核，加强对深化供给侧结构性改革、保障和改善民生、加强和创新社会治理、推动创新发展、加强法治建设、促进社会公平正义等工作的考核，加大安全生产、社会稳定、新增债务等约束性指标的考核权重。\r\n</p>\r\n<p style=\"font-size:18px;color:#333333;font-family:\"background-color:#FFFFFF;\">\r\n	  第十一条 坚持从实际出发，实行分级分类考核。考核内容应当体现不同区域、不同部门、不同类型、不同层次领导班子和领导干部特点。\r\n</p>\r\n<p style=\"font-size:18px;color:#333333;font-family:\"background-color:#FFFFFF;\">\r\n	  第十二条 根据不同岗位职责要求，明确领导班子和领导干部不担当不作为的具体情形和评价标准，推动工作落实和担当尽责。\r\n</p>\r\n<p style=\"font-size:18px;color:#333333;font-family:\"background-color:#FFFFFF;\">\r\n	  第十三条 建立健全可量化、能定责、可追责的领导班子和领导干部工作目标以及岗位职责规范，作为确定考核内容的重要依据。\r\n</p>\r\n<p style=\"font-size:18px;color:#333333;font-family:\"background-color:#FFFFFF;text-align:center;\">\r\n	<span style=\"font-family:simhei;\"><strong>第三章 平时考核</strong></span>\r\n</p>\r\n<p style=\"font-size:18px;color:#333333;font-family:\"background-color:#FFFFFF;\">\r\n	  第十四条 平时考核是对领导班子日常运行情况和领导干部一贯表现所进行的经常性考核，及时肯定鼓励、提醒纠偏。\r\n</p>\r\n<p style=\"font-size:18px;color:#333333;font-family:\"background-color:#FFFFFF;\">\r\n	  第十五条 平时考核应当突出重点。\r\n</p>\r\n<p style=\"font-size:18px;color:#333333;font-family:\"background-color:#FFFFFF;\">\r\n	  考核领导班子的日常运行情况，重点了解政治思想建设、执行民主集中制、贯彻党的群众路线、科学决策、完成重点任务和反对“四风”等情况。\r\n</p>\r\n<p style=\"font-size:18px;color:#333333;font-family:\"background-color:#FFFFFF;\">\r\n	  考核领导干部的一贯表现，重点了解政治态度、担当精神、工作思路、工作进展，特别是对待是与非、公与私、真与假、实与虚的表现等情况。\r\n</p>\r\n<p style=\"font-size:18px;color:#333333;font-family:\"background-color:#FFFFFF;\">\r\n	  第十六条 平时考核主要结合领导班子和领导干部日常管理进行，可以采取下列途径：\r\n</p>\r\n<p style=\"font-size:18px;color:#333333;font-family:\"background-color:#FFFFFF;\">\r\n	  （一）列席领导班子民主生活会、理论学习中心组学习、重要工作会议，参加重要工作活动等；\r\n</p>\r\n<p style=\"font-size:18px;color:#333333;font-family:\"background-color:#FFFFFF;\">\r\n	  （二）与干部本人或者知情人谈心谈话，到所在单位听取干部群众意见；\r\n</p>\r\n<p style=\"font-size:18px;color:#333333;font-family:\"background-color:#FFFFFF;\">\r\n	  （三）开展调研走访、专题调查、现场观摩等；\r\n</p>\r\n<p style=\"font-size:18px;color:#333333;font-family:\"background-color:#FFFFFF;\">\r\n	  （四）结合党内集中学习教育、纪委监委日常监督、巡视巡察、工作督查、干部培训等进行深入了解；\r\n</p>\r\n<p style=\"font-size:18px;color:#333333;font-family:\"background-color:#FFFFFF;\">\r\n	  （五）其他适当方法。\r\n</p>\r\n<p style=\"font-size:18px;color:#333333;font-family:\"background-color:#FFFFFF;\">\r\n	  第十七条 平时考核可以根据实际情况形成考核结果。考核结果可以采用考核报告、评语、等次或者鉴定等形式确定。\r\n</p>\r\n<p style=\"font-size:18px;color:#333333;font-family:\"background-color:#FFFFFF;\">\r\n	  第十八条 建立平时考核工作档案，将相关材料整理归档，作为了解评价领导班子日常运行情况和领导干部一贯表现的重要依据。\r\n</p>\r\n<p style=\"font-size:18px;color:#333333;font-family:\"background-color:#FFFFFF;text-align:center;\">\r\n	<span style=\"font-family:simhei;\"><strong>第四章 年度考核</strong></span>\r\n</p>\r\n<p style=\"font-size:18px;color:#333333;font-family:\"background-color:#FFFFFF;\">\r\n	  第十九条 年度考核是以年度为周期对领导班子和领导干部所进行的综合性考核，一般在每年年末或者次年年初组织开展。\r\n</p>\r\n<p style=\"font-size:18px;color:#333333;font-family:\"background-color:#FFFFFF;\">\r\n	  根据工作需要，各级党委（党组）每年可以选定部分领导班子和领导干部进行重点考核。\r\n</p>\r\n<p style=\"font-size:18px;color:#333333;font-family:\"background-color:#FFFFFF;\">\r\n	  第二十条 年度考核一般按照下列程序进行：\r\n</p>\r\n<p style=\"font-size:18px;color:#333333;font-family:\"background-color:#FFFFFF;\">\r\n	  （一）总结述职。召开会议，领导班子总结报告全年工作，领导干部进行个人述职。\r\n</p>\r\n<p style=\"font-size:18px;color:#333333;font-family:\"background-color:#FFFFFF;\">\r\n	  （二）民主测评。根据对领导班子和领导干部考核内容的要求设计测评表，由参加民主测评的人员填写评价意见。参加测评的人员范围，按照知情度、关联度、代表性原则，结合实际确定。\r\n</p>\r\n<p style=\"font-size:18px;color:#333333;font-family:\"background-color:#FFFFFF;\">\r\n	  （三）个别谈话。与领导班子成员、相关干部群众以及其他需要参加的人员个别谈话了解情况。\r\n</p>\r\n<p style=\"font-size:18px;color:#333333;font-family:\"background-color:#FFFFFF;\">\r\n	  （四）了解核实。根据需要采取查阅资料、采集有关数据和信息、实地调研等方式，核实考核对象有关情况。\r\n</p>\r\n<p style=\"font-size:18px;color:#333333;font-family:\"background-color:#FFFFFF;\">\r\n	  （五）形成考核结果。对领导班子和领导干部进行综合分析，形成考核结果并及时反馈。\r\n</p>\r\n<p style=\"font-size:18px;color:#333333;font-family:\"background-color:#FFFFFF;\">\r\n	  当年开展党内集中学习教育、换届考察、巡视巡察的，年度考核可以结合实际适当简化程序。\r\n</p>\r\n<p style=\"font-size:18px;color:#333333;font-family:\"background-color:#FFFFFF;\">\r\n	  根据工作需要和实际情况，对公共服务部门和窗口单位的领导班子和领导干部，可以在一定范围内听取公众意见。\r\n</p>\r\n<p style=\"font-size:18px;color:#333333;font-family:\"background-color:#FFFFFF;\">\r\n	  第二十一条 领导班子年度考核结果一般分为优秀、良好、一般、较差4个等次。领导干部年度考核结果分为优秀、称职、基本称职、不称职4个等次。\r\n</p>\r\n<p style=\"font-size:18px;color:#333333;font-family:\"background-color:#FFFFFF;\">\r\n	  优秀是指综合表现突出，出色履行领导职责或者岗位要求，圆满地完成了年度工作任务，成绩显著。\r\n</p>\r\n<p style=\"font-size:18px;color:#333333;font-family:\"background-color:#FFFFFF;\">\r\n	  良好、称职是指综合表现好，认真履行领导职责或者岗位要求，较好地完成了年度工作任务。\r\n</p>\r\n<p style=\"font-size:18px;color:#333333;font-family:\"background-color:#FFFFFF;\">\r\n	  一般、基本称职是指综合表现勉强达到领导职责或者岗位要求，或者在某个方面存在明显不足、有较大问题。\r\n</p>\r\n<p style=\"font-size:18px;color:#333333;font-family:\"background-color:#FFFFFF;\">\r\n	  较差、不称职是指综合表现达不到领导职责或者岗位要求，或者在某个方面存在严重问题、出现重大错误。\r\n</p>\r\n<p style=\"font-size:18px;color:#333333;font-family:\"background-color:#FFFFFF;\">\r\n	  各级党委（党组）应当结合实际，制定考核等次具体评定标准。\r\n</p>\r\n<p style=\"font-size:18px;color:#333333;font-family:\"background-color:#FFFFFF;\">\r\n	  第二十二条 担任多项职务的领导干部，一般在承担主要工作职责的单位进行考核，对兼任的其他工作以适当方式进行了解。\r\n</p>\r\n<p style=\"font-size:18px;color:#333333;font-family:\"background-color:#FFFFFF;\">\r\n	  新提拔任职的领导干部，按照现任职务进行考核，注意了解在原任职岗位的工作情况。\r\n</p>\r\n<p style=\"font-size:18px;color:#333333;font-family:\"background-color:#FFFFFF;\">\r\n	  交流任职的领导干部，在现工作单位进行考核，其交流任职前的有关情况由原单位提供。\r\n</p>\r\n<p style=\"font-size:18px;color:#333333;font-family:\"background-color:#FFFFFF;\">\r\n	  援派或者挂职锻炼的领导干部，由当年工作半年以上的地方或者单位进行考核，以适当方式听取派出单位或者接收单位的意见。\r\n</p>\r\n<p style=\"font-size:18px;color:#333333;font-family:\"background-color:#FFFFFF;\">\r\n	  本年度内病、事假累计超过半年的领导干部，参加年度考核，不确定等次。\r\n</p>\r\n<p style=\"font-size:18px;color:#333333;font-family:\"background-color:#FFFFFF;\">\r\n	  涉嫌违纪违法被立案审查调查尚未结案、受党纪政务处分或者组织处理的领导干部，其年度考核按照有关规定进行。\r\n</p>\r\n<p style=\"font-size:18px;color:#333333;font-family:\"background-color:#FFFFFF;text-align:center;\">\r\n	<span style=\"font-family:simhei;\"><strong>第五章 专项考核</strong></span>\r\n</p>\r\n<p style=\"font-size:18px;color:#333333;font-family:\"background-color:#FFFFFF;\">\r\n	  第二十三条 专项考核是对领导班子和领导干部在完成重要专项工作、承担急难险重任务、应对和处置重大突发事件中的工作态度、担当精神、作用发挥、实际成效等情况所进行的针对性考核。\r\n</p>\r\n<p style=\"font-size:18px;color:#333333;font-family:\"background-color:#FFFFFF;\">\r\n	  根据平时掌握情况，对表现突出或者问题反映较多的领导班子和领导干部，可以进行专项考核。\r\n</p>\r\n<p style=\"font-size:18px;color:#333333;font-family:\"background-color:#FFFFFF;\">\r\n	  第二十四条 专项考核一般应当按照下列程序进行：\r\n</p>\r\n<p style=\"font-size:18px;color:#333333;font-family:\"background-color:#FFFFFF;\">\r\n	  （一）制定方案。明确考核对象、考核内容指标、程序步骤和工作要求等。\r\n</p>\r\n<p style=\"font-size:18px;color:#333333;font-family:\"background-color:#FFFFFF;\">\r\n	  （二）听取考核对象的总结汇报。\r\n</p>\r\n<p style=\"font-size:18px;color:#333333;font-family:\"background-color:#FFFFFF;\">\r\n	  （三）了解核实。采取查阅资料、实地调研、舆情分析、个别谈话、民主测评等方式，核实印证有关情况，必要时可以向纪检监察机关或者审计、信访等部门了解情况。\r\n</p>\r\n<p style=\"font-size:18px;color:#333333;font-family:\"background-color:#FFFFFF;\">\r\n	  （四）形成考核结果。对领导班子和领导干部作出评价。\r\n</p>\r\n<p style=\"font-size:18px;color:#333333;font-family:\"background-color:#FFFFFF;\">\r\n	  第二十五条 专项考核结果可以采用考核报告、评语、等次或者鉴定等形式确定。\r\n</p>\r\n<p style=\"font-size:18px;color:#333333;font-family:\"background-color:#FFFFFF;text-align:center;\">\r\n	<span style=\"font-family:simhei;\"><strong>第六章 任期考核</strong></span>\r\n</p>\r\n<p style=\"font-size:18px;color:#333333;font-family:\"background-color:#FFFFFF;\">\r\n	  第二十六条 任期考核是对实行任期制的领导班子和领导干部在一届任期内总体表现所进行的全方位考核，一般结合换届考察或者任期届满当年年度考核进行。\r\n</p>\r\n<p style=\"font-size:18px;color:#333333;font-family:\"background-color:#FFFFFF;\">\r\n	  任期考核应当突出对完成届期目标或者任期目标情况的考核。\r\n</p>\r\n<p style=\"font-size:18px;color:#333333;font-family:\"background-color:#FFFFFF;\">\r\n	  第二十七条 任期考核一般应当按照总结述职、民主测评、个别谈话、了解核实、实绩分析、形成考核结果等程序进行。\r\n</p>\r\n<p style=\"font-size:18px;color:#333333;font-family:\"background-color:#FFFFFF;\">\r\n	  第二十八条 任期考核结果可以采用考核报告、评语、等次或者鉴定等形式确定。\r\n</p>\r\n<p style=\"font-size:18px;color:#333333;font-family:\"background-color:#FFFFFF;text-align:center;\">\r\n	<span style=\"font-family:simhei;\"><strong>第七章 考核结果确定</strong></span>\r\n</p>\r\n<p style=\"font-size:18px;color:#333333;font-family:\"background-color:#FFFFFF;\">\r\n	  第二十九条 考核结果确定应当加强综合分析研判，坚持定性与定量相结合，全面、历史、辩证地分析个人贡献与集体作用、主观努力与客观条件、增长速度与质量效益、显绩与潜绩、发展成果与成本代价等情况，注重了解人民群众对经济社会发展的真实感受和评价，防止简单以地区生产总值以及增长率排名或者以民主测评、民意调查得票得分确定考核结果。\r\n</p>\r\n<p style=\"font-size:18px;color:#333333;font-family:\"background-color:#FFFFFF;\">\r\n	  第三十条 平时考核、年度考核、专项考核、任期考核情况应当相互补充印证，坚持考人与考事相结合，注重吸收运用巡视巡察、审计、绩效管理、工作督查、相关部门业务考核、个人有关事项报告查核等成果，把敢不敢扛事、愿不愿做事、能不能干事作为识别干部、评判优劣的重要标准，增强考核结果的真实性、准确性。\r\n</p>\r\n<p style=\"font-size:18px;color:#333333;font-family:\"background-color:#FFFFFF;\">\r\n	  第三十一条 考核结果应当全面准确反映考核对象情况，以考核报告、评语、鉴定等形式确定结果的，应当明确具体肯定成绩和优点，指出问题和不足。\r\n</p>\r\n<p style=\"font-size:18px;color:#333333;font-family:\"background-color:#FFFFFF;\">\r\n	  第三十二条 年度考核结果以平时考核结果为基础，年度考核优秀等次应当在平时考核结果好的考核对象中产生。\r\n</p>\r\n<p style=\"font-size:18px;color:#333333;font-family:\"background-color:#FFFFFF;\">\r\n	  领导班子年度考核优秀等次比例一般不超过参加考核领导班子总数的30%，领导干部年度考核优秀等次比例一般不超过参加考核领导干部总人数的25%。\r\n</p>\r\n<p style=\"font-size:18px;color:#333333;font-family:\"background-color:#FFFFFF;\">\r\n	  领导班子为优秀等次的，其领导成员评为优秀等次的比例可以适当上调，最高不超过30%；领导班子为一般等次的，其领导成员评为优秀等次的比例不得超过20%，主要负责人一般不得确定为优秀等次；领导班子为较差等次的，其领导成员评为优秀等次的比例不得超过15%，主要负责人一般不得确定为称职及以上等次。\r\n</p>\r\n<p style=\"font-size:18px;color:#333333;font-family:\"background-color:#FFFFFF;\">\r\n	  第三十三条 有下列情形之一，领导班子和领导干部年度考核结果不得确定为优秀等次：\r\n</p>\r\n<p style=\"font-size:18px;color:#333333;font-family:\"background-color:#FFFFFF;\">\r\n	  （一）贯彻落实党中央决策部署成效不明显的；\r\n</p>\r\n<p style=\"font-size:18px;color:#333333;font-family:\"background-color:#FFFFFF;\">\r\n	  （二）干事创业精气神不够，拈轻怕重、患得患失，不敢直面矛盾、不愿动真碰硬，不担当不作为的；\r\n</p>\r\n<p style=\"font-size:18px;color:#333333;font-family:\"background-color:#FFFFFF;\">\r\n	  （三）受到上级党委和政府通报批评，责令检查的；\r\n</p>\r\n<p style=\"font-size:18px;color:#333333;font-family:\"background-color:#FFFFFF;\">\r\n	  （四）工作实绩不突出的；\r\n</p>\r\n<p style=\"font-size:18px;color:#333333;font-family:\"background-color:#FFFFFF;\">\r\n	  （五）组织领导能力较弱，年度工作目标任务完成不好的；\r\n</p>\r\n<p style=\"font-size:18px;color:#333333;font-family:\"background-color:#FFFFFF;\">\r\n	  （六）履行管党治党责任不力，违反廉洁自律规定的；\r\n</p>\r\n<p style=\"font-size:18px;color:#333333;font-family:\"background-color:#FFFFFF;\">\r\n	  （七）其他原因不宜确定为优秀等次的。\r\n</p>\r\n<p style=\"font-size:18px;color:#333333;font-family:\"background-color:#FFFFFF;\">\r\n	  在上级党组织开展的基层党建述职评议考核工作中，党委（党组）书记抓基层党建工作情况综合评价等次未达到好的，其年度考核结果不得确定为优秀等次。\r\n</p>\r\n<p style=\"font-size:18px;color:#333333;font-family:\"background-color:#FFFFFF;\">\r\n	  第三十四条 有下列情形之一，领导班子年度考核结果应当确定为较差等次，领导干部年度考核结果应当确定为不称职等次：\r\n</p>\r\n<p style=\"font-size:18px;color:#333333;font-family:\"background-color:#FFFFFF;\">\r\n	  （一）违反政治纪律和政治规矩，政治上出现问题的；\r\n</p>\r\n<p style=\"font-size:18px;color:#333333;font-family:\"background-color:#FFFFFF;\">\r\n	  （二）不执行民主集中制，领导班子运行状况不好，不能正常发挥职能作用，领导干部闹无原则纠纷，影响较差的；\r\n</p>\r\n<p style=\"font-size:18px;color:#333333;font-family:\"background-color:#FFFFFF;\">\r\n	  （三）责任心差、能力水平低，不能履行或者不胜任岗位职责要求，依法履职出现重大问题的；\r\n</p>\r\n<p style=\"font-size:18px;color:#333333;font-family:\"background-color:#FFFFFF;\">\r\n	  （四）表态多调门高，行动少落实差，敷衍塞责、庸懒散拖，作风形象不佳，群众意见大，造成恶劣影响的；\r\n</p>\r\n<p style=\"font-size:18px;color:#333333;font-family:\"background-color:#FFFFFF;\">\r\n	  （五）不坚守工作岗位，擅离职守的；\r\n</p>\r\n<p style=\"font-size:18px;color:#333333;font-family:\"background-color:#FFFFFF;\">\r\n	  （六）其他原因应当确定为较差或者不称职等次的。\r\n</p>\r\n<p style=\"font-size:18px;color:#333333;font-family:\"background-color:#FFFFFF;\">\r\n	  第三十五条 领导班子和领导干部在履职担当、改革创新过程中出现失误错误，经综合分析给予容错的，应当客观评价，合理确定考核结果。\r\n</p>\r\n<p style=\"font-size:18px;color:#333333;font-family:\"background-color:#FFFFFF;\">\r\n	  第三十六条 考核对象对考核结果有异议的，可以按照有关规定提出复核或者申诉。\r\n</p>\r\n<p style=\"font-size:18px;color:#333333;font-family:\"background-color:#FFFFFF;text-align:center;\">\r\n	<span style=\"font-family:simhei;\"><strong>第八章 考核结果运用</strong></span>\r\n</p>\r\n<p style=\"font-size:18px;color:#333333;font-family:\"background-color:#FFFFFF;\">\r\n	  第三十七条 坚持考用结合，将考核结果与选拔任用、培养教育、管理监督、激励约束、问责追责等结合起来，鼓励先进、鞭策落后，推动能上能下，促进担当作为，严厉治庸治懒。\r\n</p>\r\n<p style=\"font-size:18px;color:#333333;font-family:\"background-color:#FFFFFF;\">\r\n	  第三十八条 考核结果采取个别谈话、工作通报、会议讲评等方式，实事求是地向领导班子和领导干部反馈，肯定成绩、指出不足，督促整改，传导压力、激发动力。\r\n</p>\r\n<p style=\"font-size:18px;color:#333333;font-family:\"background-color:#FFFFFF;\">\r\n	  第三十九条 依据考核结果，有针对性地加强领导班子建设：\r\n</p>\r\n<p style=\"font-size:18px;color:#333333;font-family:\"background-color:#FFFFFF;\">\r\n	  （一）领导班子作出重要贡献的，按照有关规定记功、授予称号，给予物质奖励；\r\n</p>\r\n<p style=\"font-size:18px;color:#333333;font-family:\"background-color:#FFFFFF;\">\r\n	  （二）领导班子表现突出或者年度考核结果为优秀等次的，按照有关规定给予嘉奖；\r\n</p>\r\n<p style=\"font-size:18px;color:#333333;font-family:\"background-color:#FFFFFF;\">\r\n	  （三）领导班子运行状况不好、凝聚力战斗力不强、不担当不作为、干部群众意见较大的，应当进行调整；\r\n</p>\r\n<p style=\"font-size:18px;color:#333333;font-family:\"background-color:#FFFFFF;\">\r\n	  （四）领导班子年度考核结果为一般等次的，应当责成其向上级党组织写出书面报告，剖析原因、进行整改；\r\n</p>\r\n<p style=\"font-size:18px;color:#333333;font-family:\"background-color:#FFFFFF;\">\r\n	  （五）领导班子年度考核结果为较差或者连续两年为一般等次的，应当对主要负责人和相关责任人进行调整。\r\n</p>\r\n<p style=\"font-size:18px;color:#333333;font-family:\"background-color:#FFFFFF;\">\r\n	  第四十条 依据考核结果，激励约束领导干部：\r\n</p>\r\n<p style=\"font-size:18px;color:#333333;font-family:\"background-color:#FFFFFF;\">\r\n	  （一）领导干部作出重大贡献的，可以按照有关规定记功、授予称号，给予物质奖励；表现突出或者年度考核结果为优秀等次的，按照有关规定给予嘉奖；连续三年为优秀等次的，记三等功，同等条件下优先使用。\r\n</p>\r\n<p style=\"font-size:18px;color:#333333;font-family:\"background-color:#FFFFFF;\">\r\n	  （二）领导干部年度考核结果为称职及以上等次的，按照有关规定享受年度考核奖金、晋升工资级别和级别工资档次。\r\n</p>\r\n<p style=\"font-size:18px;color:#333333;font-family:\"background-color:#FFFFFF;\">\r\n	  （三）领导干部年度考核结果为基本称职等次的，应当对其进行诫勉，限期改进。\r\n</p>\r\n<p style=\"font-size:18px;color:#333333;font-family:\"background-color:#FFFFFF;\">\r\n	  （四）领导干部年度考核结果为不称职等次的，按照规定程序降低一个职务或者职级层次任职。\r\n</p>\r\n<p style=\"font-size:18px;color:#333333;font-family:\"background-color:#FFFFFF;\">\r\n	  （五）不参加年度考核、参加年度考核不确定等次或者年度考核结果为基本称职以下等次的，该年度不计算为晋升职务职级的任职年限，不计算为晋升工资级别和级别工资档次的考核年限。\r\n</p>\r\n<p style=\"font-size:18px;color:#333333;font-family:\"background-color:#FFFFFF;\">\r\n	  （六）领导干部不适宜担任现职的，应当根据有关规定对其进行调整。\r\n</p>\r\n<p style=\"font-size:18px;color:#333333;font-family:\"background-color:#FFFFFF;\">\r\n	  第四十一条 依据考核结果加强干部教育培养，按照“缺什么补什么”的原则，对领导干部进行调学调训、安排实践锻炼，补齐能力素质短板。对有潜力的优秀年轻干部加强针对性培养。\r\n</p>\r\n<p style=\"font-size:18px;color:#333333;font-family:\"background-color:#FFFFFF;\">\r\n	  第四十二条 考核中发现领导班子和领导干部存在问题的，区分不同情形，予以谈话提醒直至组织处理；发现违纪违法问题线索，移送纪检监察、司法机关处理。\r\n</p>\r\n<p style=\"font-size:18px;color:#333333;font-family:\"background-color:#FFFFFF;\">\r\n	  第四十三条 领导干部考核形成的结论性材料，应当存入干部人事档案。\r\n</p>\r\n<p style=\"font-size:18px;color:#333333;font-family:\"background-color:#FFFFFF;text-align:center;\">\r\n	<span style=\"font-family:simhei;\"><strong>第九章 组织实施</strong></span>\r\n</p>\r\n<p style=\"font-size:18px;color:#333333;font-family:\"background-color:#FFFFFF;\">\r\n	  第四十四条 党委（党组）及其组织（人事）部门按照干部管理权限，履行考核领导班子和领导干部的职责。\r\n</p>\r\n<p style=\"font-size:18px;color:#333333;font-family:\"background-color:#FFFFFF;\">\r\n	  党委（党组）承担考核工作主体责任，党委（党组）书记是第一责任人，组织（人事）部门承担具体工作责任。\r\n</p>\r\n<p style=\"font-size:18px;color:#333333;font-family:\"background-color:#FFFFFF;\">\r\n	  第四十五条 考核人员应当具有较高的思想政治素质以及胜任考核工作的政策水平和业务知识，公道正派，组织纪律观念和保密意识强。考核人员按照规定实行公务回避。\r\n</p>\r\n<p style=\"font-size:18px;color:#333333;font-family:\"background-color:#FFFFFF;\">\r\n	  根据工作需要，党委（党组）可以组建和派出考核组。考核组组长根据每次考核任务确定并授权，应当具有较强的组织领导能力，坚持原则、敢于担当。\r\n</p>\r\n<p style=\"font-size:18px;color:#333333;font-family:\"background-color:#FFFFFF;\">\r\n	  第四十六条 实行考核工作责任制。\r\n</p>\r\n<p style=\"font-size:18px;color:#333333;font-family:\"background-color:#FFFFFF;\">\r\n	  考核人员应当认真履行职责，按照规定的程序和要求实施考核，全面客观准确地了解和反映情况，公道公平公正地对待和评价领导班子和领导干部。\r\n</p>\r\n<p style=\"font-size:18px;color:#333333;font-family:\"background-color:#FFFFFF;\">\r\n	  考核人员应当在考核材料上签名，对考核材料的客观性、真实性负责。\r\n</p>\r\n<p style=\"font-size:18px;color:#333333;font-family:\"background-color:#FFFFFF;\">\r\n	  第四十七条 考核工作的组织实施应当严肃认真、稳妥审慎，注意与日常工作相协调、相促进。根据不同考核对象和考核任务，改进创新考核方法，充分发扬民主，多到基层干部群众中、多在乡语口碑中听取意见、了解情况，坚持在现场看、见具体事，多渠道、多层次、多侧面了解核实领导班子和领导干部的现实表现。\r\n</p>\r\n<p style=\"font-size:18px;color:#333333;font-family:\"background-color:#FFFFFF;\">\r\n	  第四十八条 组织（人事）部门应当加强考核工作信息化建设，充分运用互联网技术和信息化手段开展考核，提高工作质量和效率。\r\n</p>\r\n<p style=\"font-size:18px;color:#333333;font-family:\"background-color:#FFFFFF;\">\r\n	  第四十九条 各级党委（党组）应当加强对本地区本部门本单位干部考核工作与其他业务考核工作的统一领导、统筹协调和督促指导，整合考核力量，归并考核项目和种类，严格控制“一票否决”事项，防止多头考核、重复考核。\r\n</p>\r\n<p style=\"font-size:18px;color:#333333;font-family:\"background-color:#FFFFFF;text-align:center;\">\r\n	<span style=\"font-family:simhei;\"><strong>第十章 纪律与监督</strong></span>\r\n</p>\r\n<p style=\"font-size:18px;color:#333333;font-family:\"background-color:#FFFFFF;\">\r\n	  第五十条 考核工作必须严格遵守下列纪律：\r\n</p>\r\n<p style=\"font-size:18px;color:#333333;font-family:\"background-color:#FFFFFF;\">\r\n	  （一）不准搞形式、走过场；\r\n</p>\r\n<p style=\"font-size:18px;color:#333333;font-family:\"background-color:#FFFFFF;\">\r\n	  （二）不准隐瞒、歪曲事实；\r\n</p>\r\n<p style=\"font-size:18px;color:#333333;font-family:\"background-color:#FFFFFF;\">\r\n	  （三）不准弄虚作假；\r\n</p>\r\n<p style=\"font-size:18px;color:#333333;font-family:\"background-color:#FFFFFF;\">\r\n	  （四）不准搞非组织活动；\r\n</p>\r\n<p style=\"font-size:18px;color:#333333;font-family:\"background-color:#FFFFFF;\">\r\n	  （五）不准泄露谈话内容、测评结果等考核工作秘密；\r\n</p>\r\n<p style=\"font-size:18px;color:#333333;font-family:\"background-color:#FFFFFF;\">\r\n	  （六）不准凭个人好恶评价干部、决定或者改变考核结果；\r\n</p>\r\n<p style=\"font-size:18px;color:#333333;font-family:\"background-color:#FFFFFF;\">\r\n	  （七）不准借考核之机谋取私利；\r\n</p>\r\n<p style=\"font-size:18px;color:#333333;font-family:\"background-color:#FFFFFF;\">\r\n	  （八）不准干扰、妨碍考核工作；\r\n</p>\r\n<p style=\"font-size:18px;color:#333333;font-family:\"background-color:#FFFFFF;\">\r\n	  （九）不准打击报复干部和反映问题的人员。\r\n</p>\r\n<p style=\"font-size:18px;color:#333333;font-family:\"background-color:#FFFFFF;\">\r\n	  第五十一条 领导班子和领导干部应当正确对待和接受组织考核，如实汇报工作和思想，客观反映情况。\r\n</p>\r\n<p style=\"font-size:18px;color:#333333;font-family:\"background-color:#FFFFFF;\">\r\n	  对不按照要求参加或者不认真配合考核工作，经教育后仍不改正的，领导班子年度考核结果直接确定为较差等次，领导干部年度考核结果直接确定为不称职等次。\r\n</p>\r\n<p style=\"font-size:18px;color:#333333;font-family:\"background-color:#FFFFFF;\">\r\n	  第五十二条 对不按照规定组织开展考核、考核工作失真失实造成严重后果、本地区本部门本单位考核工作中不正之风严重、干部群众反映强烈以及对违反考核工作纪律等行为查处不力的，应当追究党委（党组）及其组织（人事）部门主要负责人和有关领导成员、直接责任人的责任。\r\n</p>\r\n<p style=\"font-size:18px;color:#333333;font-family:\"background-color:#FFFFFF;\">\r\n	  第五十三条 对违反本条例的，根据情节轻重，依规依纪给予批评教育、责令检查、通报批评、诫勉、组织调整或者组织处理，涉嫌违纪或者职务违法、职务犯罪的，按照有关纪律和法律法规处理。\r\n</p>\r\n<p style=\"font-size:18px;color:#333333;font-family:\"background-color:#FFFFFF;\">\r\n	  第五十四条 党委（党组）、纪检监察机关、组织（人事）部门应当加强对考核工作的监督检查，自觉接受群众和舆论监督，认真受理有关举报、复核、申诉，严肃查处违反考核工作纪律的行为。\r\n</p>\r\n<p style=\"font-size:18px;color:#333333;font-family:\"background-color:#FFFFFF;text-align:center;\">\r\n	<span style=\"font-family:simhei;\"><strong>第十一章 附  则</strong></span>\r\n</p>\r\n<p style=\"font-size:18px;color:#333333;font-family:\"background-color:#FFFFFF;\">\r\n	  第五十五条 本条例对工作部门的规定，同时适用于党委和政府的办事机构、派出机构、特设机构以及其他直属机构。\r\n</p>\r\n<p style=\"font-size:18px;color:#333333;font-family:\"background-color:#FFFFFF;\">\r\n	  第五十六条 本条例由中共中央组织部负责解释。\r\n</p>\r\n<p style=\"font-size:18px;color:#333333;font-family:\"background-color:#FFFFFF;\">\r\n	  第五十七条 本条例自2019年4月7日起施行。1998年5月26日中共中央组织部印发的《党政领导干部考核工作暂行规定》、2009年7月16日中共中央组织部印发的《党政领导班子和领导干部年度考核办法（试行）》同时废止。此前发布的有关领导班子和领导干部考核的规定，凡与本条例不一致的，按照本条例执行。\r\n</p>', '0', 'party', '1,2,', null, '0', '2019-04-27 11:56:45', '1', '2019-04-30 23:36:32', '1', null, null);

-- ----------------------------
-- Table structure for task_item
-- ----------------------------
DROP TABLE IF EXISTS `task_item`;
CREATE TABLE `task_item` (
  `id` int(11) NOT NULL AUTO_INCREMENT,
  `task_id` int(11) NOT NULL COMMENT '任务名称',
  `name` varchar(200) NOT NULL COMMENT '项目名称',
  `sort` int(11) DEFAULT NULL,
  `status` tinyint(1) NOT NULL DEFAULT '0' COMMENT '状态',
  `complete_description` varchar(2000) DEFAULT NULL,
  `complete_web_user_id` int(11) DEFAULT NULL,
  `complete_time` datetime DEFAULT NULL,
  `review_user_id` int(11) DEFAULT NULL COMMENT '审核人员',
  `review_time` datetime DEFAULT NULL COMMENT '审核时间',
  `review_status` int(11) DEFAULT NULL COMMENT '审核状态',
  `review_comment` varchar(2000) DEFAULT NULL COMMENT '审核意见',
  `deleted` tinyint(1) DEFAULT '0',
  `created_time` datetime DEFAULT CURRENT_TIMESTAMP,
  `created_user_id` int(11) DEFAULT NULL,
  `updated_time` datetime DEFAULT NULL,
  `updated_user_id` int(11) DEFAULT NULL,
  `deleted_time` datetime DEFAULT NULL,
  `deleted_user_id` int(11) DEFAULT NULL,
  PRIMARY KEY (`id`)
) ENGINE=InnoDB AUTO_INCREMENT=5 DEFAULT CHARSET=utf8 COMMENT='任务项目';

-- ----------------------------
-- Records of task_item
-- ----------------------------
INSERT INTO `task_item` VALUES ('1', '1', '项目1', null, '2', null, null, null, '1', '2019-04-13 18:40:01', '2', '通过', '0', '2019-04-13 18:04:31', '1', null, null, null, null);
INSERT INTO `task_item` VALUES ('2', '1', '项目2', null, '0', null, null, null, null, null, null, null, '0', '2019-04-13 18:25:42', '1', null, null, null, null);
INSERT INTO `task_item` VALUES ('3', '2', 'test任务-项目1', null, '2', 'ffdaf ', '3', '2019-05-06 09:34:49', null, null, '1', null, '0', '2019-04-23 22:30:43', '1', null, null, null, null);
INSERT INTO `task_item` VALUES ('4', '2', 'test任务-项目2', null, '0', null, null, null, null, null, null, null, '0', '2019-04-23 22:31:03', '1', null, null, null, null);

-- ----------------------------
-- Table structure for task_item_attachment
-- ----------------------------
DROP TABLE IF EXISTS `task_item_attachment`;
CREATE TABLE `task_item_attachment` (
  `id` int(11) NOT NULL AUTO_INCREMENT,
  `task_item_id` int(11) NOT NULL COMMENT '任务项目名称',
  `web_user_id` int(11) DEFAULT NULL,
  `attachment_url` varchar(1000) NOT NULL COMMENT '附件',
  `attachment_name` varchar(1000) DEFAULT NULL,
  PRIMARY KEY (`id`)
) ENGINE=InnoDB AUTO_INCREMENT=2 DEFAULT CHARSET=utf8;

-- ----------------------------
-- Records of task_item_attachment
-- ----------------------------
INSERT INTO `task_item_attachment` VALUES ('1', '3', '3', 'd79f0928481e1f7197f96d01189bf2de.png', '1.png');

-- ----------------------------
-- Table structure for task_item_user
-- ----------------------------
DROP TABLE IF EXISTS `task_item_user`;
CREATE TABLE `task_item_user` (
  `id` int(11) NOT NULL AUTO_INCREMENT,
  `task_id` int(11) DEFAULT NULL,
  `task_item_id` int(11) DEFAULT NULL,
  `web_user_id` int(11) DEFAULT NULL,
  `status` tinyint(1) NOT NULL DEFAULT '0' COMMENT '状态',
  `complete_description` varchar(2000) DEFAULT NULL,
  `complete_web_user_id` int(11) DEFAULT NULL,
  `complete_time` datetime DEFAULT NULL,
  `review_user_id` int(11) DEFAULT NULL COMMENT '审核人员',
  `review_time` datetime DEFAULT NULL COMMENT '审核时间',
  `review_status` int(11) DEFAULT NULL COMMENT '审核状态',
  `review_comment` varchar(2000) DEFAULT NULL COMMENT '审核意见',
  `created_time` datetime DEFAULT CURRENT_TIMESTAMP,
  PRIMARY KEY (`id`)
) ENGINE=MyISAM AUTO_INCREMENT=26 DEFAULT CHARSET=utf8;

-- ----------------------------
-- Records of task_item_user
-- ----------------------------

-- ----------------------------
-- Table structure for task_type
-- ----------------------------
DROP TABLE IF EXISTS `task_type`;
CREATE TABLE `task_type` (
  `id` int(11) NOT NULL AUTO_INCREMENT COMMENT '分类编号',
  `code` varchar(50) DEFAULT NULL COMMENT '分类编号',
  `name` varchar(200) NOT NULL COMMENT '分类名称',
  `parent_id` int(11) NOT NULL COMMENT '上级分类',
  `deleted` tinyint(1) DEFAULT '0',
  `created_time` datetime DEFAULT CURRENT_TIMESTAMP,
  `created_user_id` int(11) DEFAULT NULL,
  `updated_time` datetime DEFAULT NULL,
  `updated_user_id` int(11) DEFAULT NULL,
  `deleted_time` datetime DEFAULT NULL,
  `deleted_user_id` int(11) DEFAULT NULL,
  PRIMARY KEY (`id`)
) ENGINE=InnoDB AUTO_INCREMENT=7 DEFAULT CHARSET=utf8 COMMENT='任务分类';

-- ----------------------------
-- Records of task_type
-- ----------------------------
INSERT INTO `task_type` VALUES ('1', '01', '检查工作任务', '0', '0', '2019-04-12 16:52:48', '1', '2019-04-27 11:49:56', '1', null, null);
INSERT INTO `task_type` VALUES ('2', '01001', '检查工作-项目1', '1', '0', '2019-04-12 17:04:50', '1', null, null, null, null);
INSERT INTO `task_type` VALUES ('3', '01002', '检查工作-项目2', '1', '0', '2019-04-12 17:11:49', '1', '2019-04-12 17:11:58', '1', null, null);
INSERT INTO `task_type` VALUES ('4', '00102', 'test分类', '2', '1', '2019-04-23 18:57:26', '1', null, null, '2019-04-23 18:57:30', '1');
INSERT INTO `task_type` VALUES ('5', '02', '党政学习任务', '0', '0', '2019-04-27 11:49:46', '1', null, null, null, null);
INSERT INTO `task_type` VALUES ('6', '03', '重大事件任务', '0', '0', '2019-04-27 11:50:21', '1', null, null, null, null);

-- ----------------------------
-- Table structure for task_user
-- ----------------------------
DROP TABLE IF EXISTS `task_user`;
CREATE TABLE `task_user` (
  `id` int(11) NOT NULL AUTO_INCREMENT,
  `task_id` int(11) NOT NULL COMMENT '任务名称',
  `web_user_id` int(11) NOT NULL COMMENT '任务人员',
  PRIMARY KEY (`id`)
) ENGINE=InnoDB AUTO_INCREMENT=39 DEFAULT CHARSET=utf8;

-- ----------------------------
-- Records of task_user
-- ----------------------------
INSERT INTO `task_user` VALUES ('19', '1', '2');
INSERT INTO `task_user` VALUES ('20', '1', '3');
INSERT INTO `task_user` VALUES ('21', '1', '4');
INSERT INTO `task_user` VALUES ('22', '1', '7');
INSERT INTO `task_user` VALUES ('29', '2', '2');
INSERT INTO `task_user` VALUES ('30', '2', '3');
INSERT INTO `task_user` VALUES ('31', '2', '4');
INSERT INTO `task_user` VALUES ('32', '2', '7');
INSERT INTO `task_user` VALUES ('36', '9', '2');
INSERT INTO `task_user` VALUES ('37', '9', '4');

-- ----------------------------
-- Table structure for user
-- ----------------------------
DROP TABLE IF EXISTS `user`;
CREATE TABLE `user` (
  `id` int(11) NOT NULL AUTO_INCREMENT,
  `user_name` varchar(255) DEFAULT NULL,
  `password` varchar(255) DEFAULT NULL,
  `name` varchar(255) DEFAULT NULL,
  `phone` varchar(255) DEFAULT NULL COMMENT '职务',
  `email` varchar(255) DEFAULT NULL,
  `photo` varchar(255) DEFAULT NULL,
  `role_id` int(11) DEFAULT NULL,
  `last_login` datetime DEFAULT NULL,
  `active` tinyint(1) DEFAULT '1',
  `deleted` tinyint(1) DEFAULT '0',
  `created_time` datetime DEFAULT CURRENT_TIMESTAMP,
  `created_user_id` int(11) DEFAULT NULL,
  `updated_time` datetime DEFAULT NULL,
  `updated_user_id` int(11) DEFAULT NULL,
  `deleted_time` datetime DEFAULT NULL,
  `deleted_user_id` int(11) DEFAULT NULL,
  PRIMARY KEY (`id`)
) ENGINE=InnoDB AUTO_INCREMENT=22 DEFAULT CHARSET=utf8;

-- ----------------------------
-- Records of user
-- ----------------------------
INSERT INTO `user` VALUES ('1', 'admin', 'c4ca4238a0b923820dcc509a6f75849b', '管理员', null, null, null, '1', null, '1', '0', null, '1', '2019-01-18 00:32:22', null, null, null);
INSERT INTO `user` VALUES ('18', 'user', 'c4ca4238a0b923820dcc509a6f75849b', 'test', '18615515953', 'test@email.com', null, '2', null, '1', '0', '2019-03-29 16:21:43', '1', '2019-04-23 10:39:50', '1', null, null);
INSERT INTO `user` VALUES ('19', 'test', 'c4ca4238a0b923820dcc509a6f75849b', 'test', '18668971053', 'test@email.com', null, '2', null, '1', '0', '2019-04-01 11:21:06', '1', '2019-04-21 22:18:17', '1', null, null);
INSERT INTO `user` VALUES ('20', 'test1', 'c4ca4238a0b923820dcc509a6f75849b', 'test1', null, null, null, '9', null, '1', '0', '2019-04-23 10:46:16', '1', '2019-04-23 10:47:09', '1', null, null);
INSERT INTO `user` VALUES ('21', 'test221', 'c4ca4238a0b923820dcc509a6f75849b', '1111', null, null, null, '13', null, '1', '1', '2019-04-27 15:03:59', '1', null, null, '2019-04-27 15:04:14', '1');

-- ----------------------------
-- Table structure for vacation_record
-- ----------------------------
DROP TABLE IF EXISTS `vacation_record`;
CREATE TABLE `vacation_record` (
  `id` int(11) NOT NULL AUTO_INCREMENT,
  `web_user_id` int(11) NOT NULL COMMENT '人员姓名',
  `start_time` date DEFAULT NULL COMMENT '休假开始日期',
  `end_time` date DEFAULT NULL COMMENT '休假结束日期',
  `days` double DEFAULT NULL COMMENT '休假天数',
  `year` int(11) DEFAULT NULL,
  `type` int(11) NOT NULL COMMENT '休假类型',
  `deleted` tinyint(1) DEFAULT '0',
  `created_time` datetime DEFAULT CURRENT_TIMESTAMP,
  `created_user_id` int(11) DEFAULT NULL,
  `updated_time` datetime DEFAULT NULL,
  `updated_user_id` int(11) DEFAULT NULL,
  `deleted_time` datetime DEFAULT NULL,
  `deleted_user_id` int(11) DEFAULT NULL,
  PRIMARY KEY (`id`)
) ENGINE=InnoDB AUTO_INCREMENT=12 DEFAULT CHARSET=utf8 COMMENT='人员休假';

-- ----------------------------
-- Records of vacation_record
-- ----------------------------
INSERT INTO `vacation_record` VALUES ('5', '2', '2019-04-04', '2019-04-05', '2', null, '1', '0', '2019-04-14 11:56:41', '1', '2019-04-14 12:12:28', '1', null, null);
INSERT INTO `vacation_record` VALUES ('7', '2', '2019-01-01', '2019-12-31', '20', '2019', '0', '0', '2019-04-14 19:24:10', '1', null, null, null, null);
INSERT INTO `vacation_record` VALUES ('8', '2', '2019-04-23', '2019-04-23', '1', null, '1', '0', '2019-04-14 19:28:33', '1', null, null, null, null);
INSERT INTO `vacation_record` VALUES ('10', '3', '2019-03-29', '2019-04-03', '4', null, '1', '0', '2019-04-23 18:41:00', '1', null, null, null, null);
INSERT INTO `vacation_record` VALUES ('11', '4', '2019-02-01', '2019-02-06', '4', null, '0', '0', '2019-04-27 15:48:15', '1', null, null, null, null);

-- ----------------------------
-- Table structure for web_user
-- ----------------------------
DROP TABLE IF EXISTS `web_user`;
CREATE TABLE `web_user` (
  `id` int(11) NOT NULL AUTO_INCREMENT,
  `user_name` varchar(255) DEFAULT NULL,
  `password` varchar(255) DEFAULT NULL,
  `name` varchar(200) DEFAULT NULL COMMENT '真实姓名',
  `id_number` varchar(20) NOT NULL COMMENT '身份证号',
  `phone` varchar(20) DEFAULT NULL COMMENT '手机号',
  `sex` varchar(10) DEFAULT NULL COMMENT '性别',
  `birthday` date DEFAULT NULL COMMENT '出生年月',
  `entry_time` date DEFAULT NULL COMMENT '入职时间',
  `user_type` int(11) DEFAULT NULL COMMENT '人员身份类型',
  `organ_id` int(11) DEFAULT NULL COMMENT '所属部门',
  `position_ids` varchar(2000) DEFAULT NULL COMMENT '职务',
  `active` tinyint(1) DEFAULT '1',
  `deleted` tinyint(1) DEFAULT '0',
  `created_time` datetime DEFAULT CURRENT_TIMESTAMP,
  `created_user_id` int(11) DEFAULT NULL,
  `updated_time` datetime DEFAULT NULL,
  `updated_user_id` int(11) DEFAULT NULL,
  `deleted_time` datetime DEFAULT NULL,
  `deleted_user_id` int(11) DEFAULT NULL,
  PRIMARY KEY (`id`)
) ENGINE=InnoDB AUTO_INCREMENT=8 DEFAULT CHARSET=utf8 COMMENT='人员信息';

-- ----------------------------
-- Records of web_user
-- ----------------------------
INSERT INTO `web_user` VALUES ('2', 'test', 'c81e728d9d4c2f636f067f89cc14862c', '李三', '371', '18611112222', '1', '1980-01-01', '2011-04-01', '8', '6', '1,2', '1', '0', '2019-04-06 21:31:49', '1', '2019-04-14 17:15:11', '1', null, null);
INSERT INTO `web_user` VALUES ('3', 'test2', 'c4ca4238a0b923820dcc509a6f75849b', '张七', '3701111', '18668971053', '1', '1952-04-04', '1982-04-17', '8', '6', '1', '1', '0', '2019-04-07 22:11:47', '1', '2019-04-14 17:14:59', '1', null, null);
INSERT INTO `web_user` VALUES ('4', 'test33', 'c4ca4238a0b923820dcc509a6f75849b', '王六', '42432', '15666352145', '1', '1995-04-19', '2019-04-18', '7', '6', '1,2,3', '1', '0', '2019-04-07 22:14:30', '1', '2019-04-27 15:29:09', '1', null, null);
INSERT INTO `web_user` VALUES ('7', 'test1', 'c4ca4238a0b923820dcc509a6f75849b', '张三test', '320911198502120023', '18888569988', '1', '2018-11-08', '2009-11-27', '7', '6', '2', '1', '0', '2019-04-23 12:36:00', '1', '2019-04-23 12:41:58', '1', null, null);

-- ----------------------------
-- Function structure for getTaskTypeChildrens
-- ----------------------------
DROP FUNCTION IF EXISTS `getTaskTypeChildrens`;
DELIMITER ;;
CREATE DEFINER=`root`@`%` FUNCTION `getTaskTypeChildrens`(orgid INT) RETURNS varchar(4000) CHARSET utf8
BEGIN
	DECLARE oTemp VARCHAR(4000);
	DECLARE oTempChild VARCHAR(4000);
	 
	SET oTemp = '';
	SET oTempChild = CAST(orgid AS CHAR);

	WHILE oTempChild IS NOT NULL
		DO
		IF oTemp = '' THEN
			SET oTemp = CONCAT(oTemp,oTempChild);
		ELSE
			SET oTemp = CONCAT(oTemp,',',oTempChild);
		END IF;
		SELECT GROUP_CONCAT(id) INTO oTempChild FROM task_type WHERE FIND_IN_SET(parent_id,oTempChild) > 0;
	END WHILE;
	RETURN oTemp;
END
;;
DELIMITER ;
